코드,지역,월,세대수,총인구수,승용_자가용,인구천명당_자가용,세대당_자가용
4111100000,수원시 장안구,2022-01,118326.0,273399.0,91827,335.9,0.776
4111100000,수원시 장안구,2022-02,118654.0,273339.0,91884,336.2,0.774
4111100000,수원시 장안구,2022-03,119118.0,273541.0,91987,336.3,0.772
4111100000,수원시 장안구,2022-04,119186.0,273238.0,92124,337.2,0.773
4111100000,수원시 장안구,2022-05,119244.0,272963.0,92198,337.8,0.773
4111100000,수원시 장안구,2022-06,119386.0,273223.0,92576,338.8,0.775
4111100000,수원시 장안구,2022-07,119428.0,273174.0,92857,339.9,0.778
4111100000,수원시 장안구,2022-08,119481.0,272638.0,92818,340.4,0.777
4111100000,수원시 장안구,2022-09,119261.0,271779.0,92762,341.3,0.778
4111100000,수원시 장안구,2022-10,119154.0,271305.0,92639,341.5,0.777
4111100000,수원시 장안구,2022-11,119012.0,271012.0,92715,342.1,0.779
4111100000,수원시 장안구,2022-12,118811.0,270524.0,92762,342.9,0.781
4111100000,수원시 장안구,2023-01,118619.0,270061.0,92996,344.4,0.784
4111100000,수원시 장안구,2023-02,118785.0,269841.0,93086,345.0,0.784
4111100000,수원시 장안구,2023-03,118713.0,269403.0,93271,346.2,0.786
4111100000,수원시 장안구,2023-04,118635.0,269189.0,93331,346.7,0.787
4111100000,수원시 장안구,2023-05,118580.0,268813.0,93386,347.4,0.788
4111100000,수원시 장안구,2023-06,118875.0,269214.0,93828,348.5,0.789
4111100000,수원시 장안구,2023-07,118967.0,269128.0,94042,349.4,0.79
4111100000,수원시 장안구,2023-08,118902.0,268547.0,93925,349.8,0.79
4111100000,수원시 장안구,2023-09,118837.0,268202.0,93985,350.4,0.791
4111100000,수원시 장안구,2023-10,119289.0,269440.0,94505,350.7,0.792
4111100000,수원시 장안구,2023-11,119626.0,270294.0,95035,351.6,0.794
4111100000,수원시 장안구,2023-12,119900.0,270849.0,95424,352.3,0.796
4111100000,수원시 장안구,2024-01,119980.0,270959.0,95707,353.2,0.798
4111100000,수원시 장안구,2024-02,120343.0,271316.0,95963,353.7,0.797
4111100000,수원시 장안구,2024-03,120641.0,271526.0,96187,354.2,0.797
4111100000,수원시 장안구,2024-04,121550.0,273317.0,97078,355.2,0.799
4111100000,수원시 장안구,2024-05,122288.0,274538.0,97823,356.3,0.8
4111100000,수원시 장안구,2024-06,122464.0,274761.0,98091,357.0,0.801
4111100000,수원시 장안구,2024-07,122686.0,275027.0,98387,357.7,0.802
4111100000,수원시 장안구,2024-08,122889.0,275202.0,98658,358.5,0.803
4111100000,수원시 장안구,2024-09,122868.0,275025.0,98818,359.3,0.804
4111100000,수원시 장안구,2024-10,122735.0,274850.0,98729,359.2,0.804
4111100000,수원시 장안구,2024-11,122672.0,274670.0,98855,359.9,0.806
4111100000,수원시 장안구,2024-12,122694.0,274661.0,98884,360.0,0.806
4111100000,수원시 장안구,2025-01,122570.0,274216.0,98880,360.6,0.807
4111100000,수원시 장안구,2025-02,122822.0,274041.0,98895,360.9,0.805
4111100000,수원시 장안구,2025-03,122887.0,273861.0,98905,361.2,0.805
4111100000,수원시 장안구,2025-04,122809.0,273356.0,98762,361.3,0.804
4111100000,수원시 장안구,2025-05,122725.0,273033.0,98668,361.4,0.804
4111100000,수원시 장안구,2025-06,122627.0,272616.0,98527,361.4,0.803
4111100000,수원시 장안구,2025-07,122535.0,272264.0,98526,361.9,0.804
4111100000,수원시 장안구,2025-08,122482.0,271974.0,98421,361.9,0.804
4111100000,수원시 장안구,2025-09,122451.0,271690.0,98365,362.0,0.803
4111100000,수원시 장안구,2025-10,122441.0,271552.0,98268,361.9,0.803
4111100000,수원시 장안구,2025-11,122421.0,271386.0,98315,362.3,0.803
4111100000,수원시 장안구,2025-12,122406.0,271136.0,98285,362.5,0.803
4111100000,수원시 장안구,2026-01,122406.0,270954.0,98239,362.6,0.803
4111100000,수원시 장안구,2026-02,122662.0,270944.0,98169,362.3,0.8
4111100000,수원시 장안구,2026-03,122878.0,270705.0,98227,362.9,0.799
4111100000,수원시 장안구,2026-04,122925.0,270439.0,98223,363.2,0.799
4111100000,수원시 장안구,2026-05,123030.0,270245.0,98190,363.3,0.798
4111100000,수원시 장안구,2026-06,123074.0,269984.0,98159,363.6,0.798
4111100000,수원시 장안구,2026-07,123086.0,269791.0,98158,363.8,0.797
4111100000,수원시 장안구,2026-08,123169.0,269717.0,98241,364.2,0.798
4111300000,수원시 권선구,2022-01,158444.0,367044.0,169792,462.6,1.072
4111300000,수원시 권선구,2022-02,159387.0,368667.0,171186,464.3,1.074
4111300000,수원시 권선구,2022-03,159954.0,369288.0,174792,473.3,1.093
4111300000,수원시 권선구,2022-04,160328.0,369525.0,177105,479.3,1.105
4111300000,수원시 권선구,2022-05,160482.0,369217.0,177363,480.4,1.105
4111300000,수원시 권선구,2022-06,160679.0,369188.0,177490,480.8,1.105
4111300000,수원시 권선구,2022-07,160803.0,369016.0,178158,482.8,1.108
4111300000,수원시 권선구,2022-08,160721.0,368047.0,176094,478.5,1.096
4111300000,수원시 권선구,2022-09,160333.0,366832.0,175495,478.4,1.095
4111300000,수원시 권선구,2022-10,160388.0,366453.0,174751,476.9,1.09
4111300000,수원시 권선구,2022-11,160763.0,367004.0,175532,478.3,1.092
4111300000,수원시 권선구,2022-12,161085.0,367446.0,175835,478.5,1.092
4111300000,수원시 권선구,2023-01,161375.0,367601.0,173662,472.4,1.076
4111300000,수원시 권선구,2023-02,161695.0,367638.0,171138,465.5,1.058
4111300000,수원시 권선구,2023-03,161880.0,367618.0,171607,466.8,1.06
4111300000,수원시 권선구,2023-04,161993.0,367324.0,172297,469.1,1.064
4111300000,수원시 권선구,2023-05,162586.0,367779.0,172529,469.1,1.061
4111300000,수원시 권선구,2023-06,163262.0,368501.0,175043,475.0,1.072
4111300000,수원시 권선구,2023-07,163776.0,368915.0,175875,476.7,1.074
4111300000,수원시 권선구,2023-08,163823.0,368270.0,174986,475.2,1.068
4111300000,수원시 권선구,2023-09,163613.0,367359.0,175176,476.9,1.071
4111300000,수원시 권선구,2023-10,163560.0,366740.0,176340,480.8,1.078
4111300000,수원시 권선구,2023-11,163666.0,366467.0,178957,488.3,1.093
4111300000,수원시 권선구,2023-12,163796.0,366167.0,180712,493.5,1.103
4111300000,수원시 권선구,2024-01,164021.0,366306.0,180608,493.1,1.101
4111300000,수원시 권선구,2024-02,164255.0,365904.0,178760,488.5,1.088
4111300000,수원시 권선구,2024-03,164604.0,365844.0,178790,488.7,1.086
4111300000,수원시 권선구,2024-04,164662.0,365287.0,178788,489.4,1.086
4111300000,수원시 권선구,2024-05,164755.0,365041.0,179769,492.5,1.091
4111300000,수원시 권선구,2024-06,164710.0,364758.0,181227,496.8,1.1
4111300000,수원시 권선구,2024-07,164813.0,364670.0,181584,497.9,1.102
4111300000,수원시 권선구,2024-08,164763.0,364354.0,180794,496.2,1.097
4111300000,수원시 권선구,2024-09,164663.0,363741.0,179703,494.0,1.091
4111300000,수원시 권선구,2024-10,164582.0,363133.0,182021,501.3,1.106
4111300000,수원시 권선구,2024-11,164635.0,362859.0,184432,508.3,1.12
4111300000,수원시 권선구,2024-12,164675.0,362642.0,186830,515.2,1.135
4111300000,수원시 권선구,2025-01,164758.0,362591.0,186015,513.0,1.129
4111300000,수원시 권선구,2025-02,164998.0,362462.0,183875,507.3,1.114
4111300000,수원시 권선구,2025-03,165147.0,362372.0,183425,506.2,1.111
4111300000,수원시 권선구,2025-04,165152.0,361929.0,184284,509.2,1.116
4111300000,수원시 권선구,2025-05,165079.0,361518.0,185406,512.9,1.123
4111300000,수원시 권선구,2025-06,165223.0,361537.0,186818,516.7,1.131
4111300000,수원시 권선구,2025-07,165257.0,361496.0,186270,515.3,1.127
4111300000,수원시 권선구,2025-08,165369.0,361458.0,185286,512.6,1.12
4111300000,수원시 권선구,2025-09,165373.0,361366.0,183913,508.9,1.112
4111300000,수원시 권선구,2025-10,165341.0,361215.0,182262,504.6,1.102
4111300000,수원시 권선구,2025-11,165376.0,361233.0,184687,511.3,1.117
4111300000,수원시 권선구,2025-12,165474.0,361064.0,190292,527.0,1.15
4111300000,수원시 권선구,2026-01,165671.0,360806.0,191751,531.5,1.157
4111300000,수원시 권선구,2026-02,165794.0,360535.0,192101,532.8,1.159
4111300000,수원시 권선구,2026-03,166033.0,360383.0,195592,542.7,1.178
4111300000,수원시 권선구,2026-04,166261.0,360365.0,196241,544.6,1.18
4111300000,수원시 권선구,2026-05,166416.0,360343.0,194907,540.9,1.171
4111300000,수원시 권선구,2026-06,166505.0,360286.0,195639,543.0,1.175
4111300000,수원시 권선구,2026-07,166523.0,360118.0,194913,541.2,1.17
4111300000,수원시 권선구,2026-08,166998.0,360795.0,192400,533.3,1.152
4111500000,수원시 팔달구,2022-01,91251.0,181990.0,63902,351.1,0.7
4111500000,수원시 팔달구,2022-02,91372.0,181806.0,63859,351.2,0.699
4111500000,수원시 팔달구,2022-03,91367.0,181595.0,63915,352.0,0.7
4111500000,수원시 팔달구,2022-04,91305.0,181395.0,63953,352.6,0.7
4111500000,수원시 팔달구,2022-05,91352.0,181280.0,64063,353.4,0.701
4111500000,수원시 팔달구,2022-06,91403.0,181123.0,64210,354.5,0.702
4111500000,수원시 팔달구,2022-07,91551.0,181416.0,64482,355.4,0.704
4111500000,수원시 팔달구,2022-08,93168.0,185563.0,66122,356.3,0.71
4111500000,수원시 팔달구,2022-09,94615.0,189267.0,67898,358.7,0.718
4111500000,수원시 팔달구,2022-10,95589.0,191423.0,69004,360.5,0.722
4111500000,수원시 팔달구,2022-11,95800.0,192225.0,69528,361.7,0.726
4111500000,수원시 팔달구,2022-12,95950.0,192610.0,69841,362.6,0.728
4111500000,수원시 팔달구,2023-01,96148.0,192965.0,70150,363.5,0.73
4111500000,수원시 팔달구,2023-02,96415.0,193247.0,70494,364.8,0.731
4111500000,수원시 팔달구,2023-03,96482.0,193363.0,70593,365.1,0.732
4111500000,수원시 팔달구,2023-04,96592.0,193392.0,70847,366.3,0.733
4111500000,수원시 팔달구,2023-05,96513.0,193202.0,70926,367.1,0.735
4111500000,수원시 팔달구,2023-06,96404.0,192921.0,70891,367.5,0.735
4111500000,수원시 팔달구,2023-07,96327.0,192414.0,70699,367.4,0.734
4111500000,수원시 팔달구,2023-08,97616.0,195442.0,71986,368.3,0.737
4111500000,수원시 팔달구,2023-09,98409.0,197197.0,72844,369.4,0.74
4111500000,수원시 팔달구,2023-10,98688.0,197705.0,73154,370.0,0.741
4111500000,수원시 팔달구,2023-11,98627.0,197473.0,73148,370.4,0.742
4111500000,수원시 팔달구,2023-12,98505.0,197213.0,73112,370.7,0.742
4111500000,수원시 팔달구,2024-01,98347.0,196921.0,73093,371.2,0.743
4111500000,수원시 팔달구,2024-02,98304.0,196573.0,73126,372.0,0.744
4111500000,수원시 팔달구,2024-03,98304.0,196326.0,73103,372.4,0.744
4111500000,수원시 팔달구,2024-04,98119.0,195864.0,72983,372.6,0.744
4111500000,수원시 팔달구,2024-05,98146.0,195682.0,73000,373.1,0.744
4111500000,수원시 팔달구,2024-06,98139.0,195565.0,72954,373.0,0.743
4111500000,수원시 팔달구,2024-07,98123.0,195393.0,72993,373.6,0.744
4111500000,수원시 팔달구,2024-08,98119.0,195249.0,72917,373.5,0.743
4111500000,수원시 팔달구,2024-09,98028.0,195000.0,72870,373.7,0.743
4111500000,수원시 팔달구,2024-10,97886.0,194689.0,72751,373.7,0.743
4111500000,수원시 팔달구,2024-11,97904.0,194547.0,72764,374.0,0.743
4111500000,수원시 팔달구,2024-12,97877.0,194397.0,72774,374.4,0.744
4111500000,수원시 팔달구,2025-01,97940.0,194389.0,72722,374.1,0.743
4111500000,수원시 팔달구,2025-02,98094.0,194311.0,72671,374.0,0.741
4111500000,수원시 팔달구,2025-03,98051.0,194049.0,72583,374.0,0.74
4111500000,수원시 팔달구,2025-04,98046.0,193792.0,72450,373.9,0.739
4111500000,수원시 팔달구,2025-05,97968.0,193596.0,72340,373.7,0.738
4111500000,수원시 팔달구,2025-06,98054.0,193523.0,72337,373.8,0.738
4111500000,수원시 팔달구,2025-07,97964.0,193290.0,72207,373.6,0.737
4111500000,수원시 팔달구,2025-08,97905.0,193013.0,72084,373.5,0.736
4111500000,수원시 팔달구,2025-09,97793.0,192685.0,72021,373.8,0.736
4111500000,수원시 팔달구,2025-10,97675.0,192391.0,71818,373.3,0.735
4111500000,수원시 팔달구,2025-11,97595.0,192131.0,71936,374.4,0.737
4111500000,수원시 팔달구,2025-12,97494.0,191822.0,72078,375.8,0.739
4111500000,수원시 팔달구,2026-01,97680.0,191972.0,72324,376.7,0.74
4111500000,수원시 팔달구,2026-02,98138.0,192473.0,72759,378.0,0.741
4111500000,수원시 팔달구,2026-03,98533.0,192974.0,73407,380.4,0.745
4111500000,수원시 팔달구,2026-04,98721.0,193197.0,73595,380.9,0.745
4111500000,수원시 팔달구,2026-05,98907.0,193364.0,73731,381.3,0.745
4111500000,수원시 팔달구,2026-06,98991.0,193401.0,73926,382.2,0.747
4111500000,수원시 팔달구,2026-07,98997.0,193325.0,74050,383.0,0.748
4111500000,수원시 팔달구,2026-08,99128.0,193282.0,74204,383.9,0.749
4111700000,수원시 영통구,2022-01,150721.0,361971.0,137301,379.3,0.911
4111700000,수원시 영통구,2022-02,150863.0,361184.0,137138,379.7,0.909
4111700000,수원시 영통구,2022-03,151189.0,361145.0,137241,380.0,0.908
4111700000,수원시 영통구,2022-04,151680.0,361402.0,137563,380.6,0.907
4111700000,수원시 영통구,2022-05,152123.0,361581.0,137931,381.5,0.907
4111700000,수원시 영통구,2022-06,152382.0,361510.0,138045,381.9,0.906
4111700000,수원시 영통구,2022-07,152613.0,361578.0,138309,382.5,0.906
4111700000,수원시 영통구,2022-08,152716.0,360713.0,138180,383.1,0.905
4111700000,수원시 영통구,2022-09,152779.0,360356.0,138294,383.8,0.905
4111700000,수원시 영통구,2022-10,152819.0,360473.0,138456,384.1,0.906
4111700000,수원시 영통구,2022-11,152522.0,360127.0,138575,384.8,0.909
4111700000,수원시 영통구,2022-12,152636.0,360384.0,138835,385.2,0.91
4111700000,수원시 영통구,2023-01,152940.0,360993.0,139272,385.8,0.911
4111700000,수원시 영통구,2023-02,153567.0,361960.0,139935,386.6,0.911
4111700000,수원시 영통구,2023-03,153705.0,361841.0,140247,387.6,0.912
4111700000,수원시 영통구,2023-04,153814.0,361916.0,140576,388.4,0.914
4111700000,수원시 영통구,2023-05,153781.0,361711.0,140736,389.1,0.915
4111700000,수원시 영통구,2023-06,153658.0,361352.0,140838,389.8,0.917
4111700000,수원시 영통구,2023-07,154126.0,362503.0,141391,390.0,0.917
4111700000,수원시 영통구,2023-08,154381.0,362852.0,141744,390.6,0.918
4111700000,수원시 영통구,2023-09,154555.0,362960.0,142049,391.4,0.919
4111700000,수원시 영통구,2023-10,154657.0,362979.0,142146,391.6,0.919
4111700000,수원시 영통구,2023-11,154761.0,363007.0,142448,392.4,0.92
4111700000,수원시 영통구,2023-12,154877.0,363028.0,142473,392.5,0.92
4111700000,수원시 영통구,2024-01,155048.0,363034.0,142516,392.6,0.919
4111700000,수원시 영통구,2024-02,155330.0,363063.0,142732,393.1,0.919
4111700000,수원시 영통구,2024-03,155618.0,363122.0,143084,394.0,0.919
4111700000,수원시 영통구,2024-04,155419.0,362519.0,142931,394.3,0.92
4111700000,수원시 영통구,2024-05,155417.0,362095.0,142997,394.9,0.92
4111700000,수원시 영통구,2024-06,155412.0,361875.0,143066,395.3,0.921
4111700000,수원시 영통구,2024-07,155377.0,361581.0,143139,395.9,0.921
4111700000,수원시 영통구,2024-08,155385.0,361505.0,143098,395.8,0.921
4111700000,수원시 영통구,2024-09,155398.0,361279.0,143237,396.5,0.922
4111700000,수원시 영통구,2024-10,155450.0,361334.0,143339,396.7,0.922
4111700000,수원시 영통구,2024-11,155474.0,361401.0,143471,397.0,0.923
4111700000,수원시 영통구,2024-12,155473.0,361305.0,143529,397.3,0.923
4111700000,수원시 영통구,2025-01,155353.0,361060.0,143581,397.7,0.924
4111700000,수원시 영통구,2025-02,155435.0,360686.0,143532,397.9,0.923
4111700000,수원시 영통구,2025-03,155573.0,360696.0,143626,398.2,0.923
4111700000,수원시 영통구,2025-04,156145.0,361921.0,144310,398.7,0.924
4111700000,수원시 영통구,2025-05,156539.0,363080.0,144961,399.3,0.926
4111700000,수원시 영통구,2025-06,156664.0,363387.0,145208,399.6,0.927
4111700000,수원시 영통구,2025-07,156575.0,363202.0,145231,399.9,0.928
4111700000,수원시 영통구,2025-08,156553.0,363042.0,145312,400.3,0.928
4111700000,수원시 영통구,2025-09,156439.0,362903.0,145399,400.7,0.929
4111700000,수원시 영통구,2025-10,156410.0,362819.0,145431,400.8,0.93
4111700000,수원시 영통구,2025-11,156281.0,362615.0,145514,401.3,0.931
4111700000,수원시 영통구,2025-12,156209.0,362493.0,145577,401.6,0.932
4111700000,수원시 영통구,2026-01,156243.0,362278.0,145463,401.5,0.931
4111700000,수원시 영통구,2026-02,156416.0,362132.0,145465,401.7,0.93
4111700000,수원시 영통구,2026-03,156646.0,362105.0,145570,402.0,0.929
4111700000,수원시 영통구,2026-04,156821.0,362149.0,145605,402.1,0.928
4111700000,수원시 영통구,2026-05,156972.0,362168.0,145619,402.1,0.928
4111700000,수원시 영통구,2026-06,156977.0,362099.0,145612,402.1,0.928
4111700000,수원시 영통구,2026-07,157078.0,362098.0,145604,402.1,0.927
4111700000,수원시 영통구,2026-08,157112.0,361883.0,145754,402.8,0.928
