차량,대체 통행,시나리오,똑버스_kg/인km,자가용회피_kg/인km,손익분기_자가용대체율(%),대체율정의,공차율정의,재차인원정의,전력환산계수_kgCO2eqkWh,주의
경유,일반 자가용 대체,낙관,0.096,0.2,48,직결여객km중자가용대체비중_이용자비율아님,공차거리/탑승운행거리,공차제외_거리평균_시나리오가정,0.4173,경유연소계수와공식전력계수외운행변수는가정_실제노선성과아님
경유,일반 자가용 대체,중앙,0.171,0.155,111,직결여객km중자가용대체비중_이용자비율아님,공차거리/탑승운행거리,공차제외_거리평균_시나리오가정,0.4173,경유연소계수와공식전력계수외운행변수는가정_실제노선성과아님
경유,일반 자가용 대체,비관,0.3,0.117,255,직결여객km중자가용대체비중_이용자비율아님,공차거리/탑승운행거리,공차제외_거리평균_시나리오가정,0.4173,경유연소계수와공식전력계수외운행변수는가정_실제노선성과아님
경유,라이드(보호자 왕복) 대체,낙관,0.096,0.4,24,직결여객km중자가용대체비중_이용자비율아님,공차거리/탑승운행거리,공차제외_거리평균_시나리오가정,0.4173,경유연소계수와공식전력계수외운행변수는가정_실제노선성과아님
경유,라이드(보호자 왕복) 대체,중앙,0.171,0.309,55,직결여객km중자가용대체비중_이용자비율아님,공차거리/탑승운행거리,공차제외_거리평균_시나리오가정,0.4173,경유연소계수와공식전력계수외운행변수는가정_실제노선성과아님
경유,라이드(보호자 왕복) 대체,비관,0.3,0.235,127,직결여객km중자가용대체비중_이용자비율아님,공차거리/탑승운행거리,공차제외_거리평균_시나리오가정,0.4173,경유연소계수와공식전력계수외운행변수는가정_실제노선성과아님
전기,일반 자가용 대체,낙관,0.034,0.2,17,직결여객km중자가용대체비중_이용자비율아님,공차거리/탑승운행거리,공차제외_거리평균_시나리오가정,0.4173,경유연소계수와공식전력계수외운행변수는가정_실제노선성과아님
전기,일반 자가용 대체,중앙,0.065,0.155,42,직결여객km중자가용대체비중_이용자비율아님,공차거리/탑승운행거리,공차제외_거리평균_시나리오가정,0.4173,경유연소계수와공식전력계수외운행변수는가정_실제노선성과아님
전기,일반 자가용 대체,비관,0.115,0.117,98,직결여객km중자가용대체비중_이용자비율아님,공차거리/탑승운행거리,공차제외_거리평균_시나리오가정,0.4173,경유연소계수와공식전력계수외운행변수는가정_실제노선성과아님
전기,라이드(보호자 왕복) 대체,낙관,0.034,0.4,9,직결여객km중자가용대체비중_이용자비율아님,공차거리/탑승운행거리,공차제외_거리평균_시나리오가정,0.4173,경유연소계수와공식전력계수외운행변수는가정_실제노선성과아님
전기,라이드(보호자 왕복) 대체,중앙,0.065,0.309,21,직결여객km중자가용대체비중_이용자비율아님,공차거리/탑승운행거리,공차제외_거리평균_시나리오가정,0.4173,경유연소계수와공식전력계수외운행변수는가정_실제노선성과아님
전기,라이드(보호자 왕복) 대체,비관,0.115,0.235,49,직결여객km중자가용대체비중_이용자비율아님,공차거리/탑승운행거리,공차제외_거리평균_시나리오가정,0.4173,경유연소계수와공식전력계수외운행변수는가정_실제노선성과아님
