재차인원,차량,낙관,중앙,비관,중앙_공차0
1.0,경유,156.0,309.9,619.6,221.38910474716207
1.0,전기,55.1,118.1,238.7,84.38051470588236
1.1,경유,141.8,281.8,563.3,201.2628224974201
1.1,전기,50.1,107.4,217.0,76.7095588235294
1.2,경유,130.0,258.3,516.4,184.4909206226351
1.2,전기,45.9,98.4,198.9,70.3170955882353
1.3,경유,120.0,238.4,476.7,170.29931134397086
1.3,전기,42.4,90.9,183.6,64.90808823529412
1.4,경유,111.4,221.4,442.6,158.1350748194015
1.4,전기,39.3,84.4,170.5,60.271796218487395
1.5,경유,104.0,206.6,413.1,147.59273649810808
1.5,전기,36.7,78.8,159.1,56.25367647058823
1.6,경유,97.5,193.7,387.3,138.3681904669763
1.6,전기,34.4,73.8,149.2,52.737821691176464
1.7,경유,91.8,182.3,364.5,130.22888514538946
1.7,전기,32.4,69.5,140.4,49.63559688581315
1.8,경유,86.7,172.2,344.2,122.9939470817567
1.8,전기,30.6,65.6,132.6,46.8780637254902
1.9,경유,82.1,163.1,326.1,116.52058144587478
1.9,전기,29.0,62.2,125.6,44.4107972136223
2.0,경유,78.0,155.0,309.8,110.69455237358103
2.0,전기,27.5,59.1,119.3,42.19025735294118
2.1,경유,74.3,147.6,295.1,105.42338321293431
2.1,전기,26.2,56.3,113.6,40.1811974789916
2.2,경유,70.9,140.9,281.7,100.63141124871005
2.2,전기,25.0,53.7,108.5,38.3547794117647
2.3,경유,67.8,134.8,269.4,96.25613249876612
2.3,전기,23.9,51.4,103.8,36.687180306905375
2.4,경유,65.0,129.1,258.2,92.24546031131754
2.4,전기,23.0,49.2,99.4,35.15854779411765
2.5,경유,62.4,124.0,247.9,88.55564189886482
2.5,전기,22.0,47.3,95.5,33.75220588235294
2.6,경유,60.0,119.2,238.3,85.14965567198543
2.6,전기,21.2,45.4,91.8,32.45404411764706
2.7,경유,57.8,114.8,229.5,81.99596472117113
2.7,전기,20.4,43.8,88.4,31.25204248366013
2.8,경유,55.7,110.7,221.3,79.06753740970075
2.8,전기,19.7,42.2,85.2,30.135898109243698
2.9,경유,53.8,106.9,213.7,76.34107060246969
2.9,전기,19.0,40.7,82.3,29.09672920892495
3.0,경유,52.0,103.3,206.5,73.79636824905404
3.0,전기,18.4,39.4,79.6,28.126838235294116
3.1,경유,50.3,100.0,199.9,71.41584024102002
3.1,전기,17.8,38.1,77.0,27.219520872865278
3.2,경유,48.8,96.9,193.6,69.18409523348815
3.2,전기,17.2,36.9,74.6,26.368910845588232
3.3,경유,47.3,93.9,187.8,67.08760749914002
3.3,전기,16.7,35.8,72.3,25.569852941176475
3.4,경유,45.9,91.2,182.2,65.11444257269473
3.4,전기,16.2,34.7,70.2,24.817798442906575
3.5,경유,44.6,88.6,177.0,63.25402992776059
3.5,전기,15.7,33.8,68.2,24.108718487394963
3.6,경유,43.3,86.1,172.1,61.49697354087835
3.6,전기,15.3,32.8,66.3,23.4390318627451
3.7,경유,42.2,83.8,167.5,59.834893174908665
3.7,전기,14.9,31.9,64.5,22.80554451510334
3.8,경유,41.1,81.6,163.1,58.26029072293739
3.8,전기,14.5,31.1,62.8,22.20539860681115
3.9,경유,40.0,79.5,158.9,56.76643711465695
3.9,전기,14.1,30.3,61.2,21.636029411764707
4.0,경유,39.0,77.5,154.9,55.347276186790516
4.0,전기,13.8,29.5,59.7,21.09512867647059
4.1,경유,38.1,75.6,151.1,53.99734262125905
4.1,전기,13.4,28.8,58.2,20.580613342898136
4.2,경유,37.1,73.8,147.5,52.711691606467156
4.2,전기,13.1,28.1,56.8,20.0905987394958
4.3,경유,36.3,72.1,144.1,51.485838313293506
4.3,전기,12.8,27.5,55.5,19.623375512995896
4.4,경유,35.5,70.4,140.8,50.315705624355026
4.4,전기,12.5,26.8,54.2,19.17738970588235
4.5,경유,34.7,68.9,137.7,49.19757883270268
4.5,전기,12.2,26.3,53.0,18.75122549019608
4.6,경유,33.9,67.4,134.7,48.12806624938306
4.6,전기,12.0,25.7,51.9,18.343590153452688
4.7,경유,33.2,65.9,131.8,47.10406483982172
4.7,전기,11.7,25.1,50.8,17.953301001251564
4.8,경유,32.5,64.6,129.1,46.12273015565877
4.8,전기,11.5,24.6,49.7,17.579273897058826
4.9,경유,31.8,63.3,126.5,45.18144994840043
4.9,전기,11.2,24.1,48.7,17.220513205282113
5.0,경유,31.2,62.0,123.9,44.27782094943241
5.0,전기,11.0,23.6,47.7,16.87610294117647
5.1,경유,30.6,60.8,121.5,43.40962838179649
5.1,전기,10.8,23.2,46.8,16.545198961937718
5.2,경유,30.0,59.6,119.2,42.574827835992714
5.2,전기,10.6,22.7,45.9,16.22702205882353
5.3,경유,29.4,58.5,116.9,41.771529197577756
5.3,전기,10.4,22.3,45.0,15.920851831298558
5.4,경유,28.9,57.4,114.7,40.99798236058557
5.4,전기,10.2,21.9,44.2,15.626021241830065
5.5,경유,28.4,56.4,112.7,40.252564499484016
5.5,전기,10.0,21.5,43.4,15.341911764705882
5.6,경유,27.9,55.3,110.7,39.533768704850374
5.6,전기,9.8,21.1,42.6,15.067949054621849
5.7,경유,27.4,54.4,108.7,38.8401938152916
5.7,전기,9.7,20.7,41.9,14.80359907120743
5.8,경유,26.9,53.4,106.8,38.17053530123484
5.8,전기,9.5,20.4,41.1,14.548364604462474
5.9,경유,26.4,52.5,105.0,37.52357707579018
5.9,전기,9.3,20.0,40.5,14.301782153539383
6.0,경유,26.0,51.7,103.3,36.89818412452702
6.0,전기,9.2,19.7,39.8,14.063419117647058
