변수,선택값,수준,차량,손익분기_pct
diesel_kmL,11.0,0,경유,95.59984068627452
diesel_kmL,11.0,0,전기,42.19025735294118
diesel_kmL,9.5,1,경유,110.69455237358103
diesel_kmL,9.5,1,전기,42.19025735294118
diesel_kmL,8.0,2,경유,131.44978094362747
diesel_kmL,8.0,2,전기,42.19025735294118
ev_kWh_km,0.2,0,경유,110.69455237358103
ev_kWh_km,0.2,0,전기,33.75220588235294
ev_kWh_km,0.25,1,경유,110.69455237358103
ev_kWh_km,0.25,1,전기,42.19025735294118
ev_kWh_km,0.3,2,경유,110.69455237358103
ev_kWh_km,0.3,2,전기,50.62830882352941
car_kg_km,0.2,0,경유,94.09036951754388
car_kg_km,0.2,0,전기,35.86171875
car_kg_km,0.17,1,경유,110.69455237358103
car_kg_km,0.17,1,전기,42.19025735294118
car_kg_km,0.141,2,경유,133.46151704616156
car_kg_km,0.141,2,전기,50.86768617021278
car_occ,1.0,0,경유,100.63141124871002
car_occ,1.0,0,전기,38.3547794117647
car_occ,1.1,1,경유,110.69455237358103
car_occ,1.1,1,전기,42.19025735294118
car_occ,1.2,2,경유,120.75769349845203
car_occ,1.2,2,전기,46.025735294117645
drt_load,3.24,0,경유,95.66195884136631
drt_load,3.24,0,전기,36.46071623093682
drt_load,2.8,1,경유,110.69455237358103
drt_load,2.8,1,전기,42.19025735294118
drt_load,2.43,2,경유,127.54927845515509
drt_load,2.43,2,전기,48.61428830791576
detour,1.1,0,경유,97.41120608875131
detour,1.1,0,전기,37.12742647058824
detour,1.25,1,경유,110.69455237358103
detour,1.25,1,전기,42.19025735294118
detour,1.4,2,경유,123.97789865841075
detour,1.4,2,전기,47.253088235294115
deadhead,0.2,0,경유,94.88104489164091
deadhead,0.2,0,전기,36.16307773109244
deadhead,0.4,1,경유,110.69455237358103
deadhead,0.4,1,전기,42.19025735294118
deadhead,0.6,2,경유,126.50805985552118
deadhead,0.6,2,전기,48.217436974789926
