변수,낙관,중앙,비관,종류,단위,출처
diesel_kmL,11.0,9.5,8.0,시나리오가정_노선실측아님,km/L,분석자 시나리오
ev_kWh_km,0.2,0.25,0.3,시나리오가정_노선실측아님,kWh/km,분석자 시나리오
car_kg_km,0.2,0.17,0.141,시나리오가정_노선실측아님,kgCO2/차량km,분석자 시나리오
car_occ,1.0,1.1,1.2,시나리오가정_노선실측아님,거리평균 명,분석자 시나리오
drt_load,3.24,2.8,2.43,시나리오가정_노선실측아님,공차제외 거리평균 명,분석자 시나리오
detour,1.1,1.25,1.4,시나리오가정_노선실측아님,탑승여객km/직결여객km,분석자 시나리오
deadhead,0.2,0.4,0.6,시나리오가정_노선실측아님,공차거리/탑승운행거리,분석자 시나리오
grid_kg_kWh,0.4173,0.4173,0.4173,공식_2023년도소비단_2025년12월공표,kgCO2eq/kWh,https://tips.energy.or.kr/carbon/Ggas_tatistics03.do
diesel_kg_L,2.600315666666667,2.600315666666667,2.600315666666667,공개 연소계수 환산,kgCO2/L,https://tips.energy.or.kr/carbon/Ggas_tatistics03.do
