노선,개통전,개통후,지표,처리군_전,처리군_후,처리군_변화율,비교군_변화율,효과_일,똑버스_일이용,잠식률(%),기준월_부적합
02,2024-09,2025-04,구역내부,1179,1251,6.1,-5.3,134,415,-32,False
02,2024-09,2025-04,단거리3km,1166,1055,-9.5,-3.1,-75,415,18,False
02,2024-09,2025-04,수원내,7359,8214,11.6,0.6,808,415,-195,False
02,2024-09,2025-04,전체,13024,14738,13.2,1.0,1589,415,-383,False
02,2024-09,2025-05,구역내부,1179,1154,-2.1,-13.1,130,396,-33,True
02,2024-09,2025-05,단거리3km,1166,967,-17.0,-8.9,-95,396,24,True
02,2024-09,2025-05,수원내,7359,7706,4.7,-4.1,651,396,-164,True
02,2024-09,2025-05,전체,13024,13676,5.0,-3.8,1142,396,-289,True
02,2024-09,2025-12,구역내부,1179,1247,5.8,1.1,55,410,-14,False
02,2024-09,2025-12,단거리3km,1166,1050,-9.9,2.7,-147,410,36,False
02,2024-09,2025-12,수원내,7359,8247,12.1,3.2,653,410,-159,False
02,2024-09,2025-12,전체,13024,14215,9.1,2.1,916,410,-223,False
03,2024-09,2025-12,구역내부,1656,1694,2.3,1.1,20,547,-4,False
03,2024-09,2025-12,단거리3km,2228,2358,5.9,2.7,70,547,-13,False
03,2024-09,2025-12,수원내,7537,8055,6.9,3.2,278,547,-51,False
03,2024-09,2025-12,전체,10445,11296,8.1,2.1,630,547,-115,False
03,2025-04,2025-12,구역내부,1712,1694,-1.1,6.7,-134,547,24,False
03,2025-04,2025-12,단거리3km,2355,2358,0.2,6.0,-137,547,25,False
03,2025-04,2025-12,수원내,8012,8055,0.5,2.5,-159,547,29,False
03,2025-04,2025-12,전체,11472,11296,-1.5,1.1,-307,547,56,False
03,2025-05,2025-12,구역내부,1704,1694,-0.6,16.4,-290,547,53,True
03,2025-05,2025-12,단거리3km,2315,2358,1.9,12.7,-251,547,46,True
03,2025-05,2025-12,수원내,7827,8055,2.9,7.6,-369,547,67,True
03,2025-05,2025-12,전체,11024,11296,2.5,6.1,-402,547,74,True
