시군구명,행정동코드,행정동명,법정동코드,법정동명
수원시 장안구,4111156000,파장동,4111112900,파장동
수원시 장안구,4111156000,파장동,4111113100,이목동
수원시 장안구,4111156600,율천동,4111113200,율전동
수원시 장안구,4111156600,율천동,4111113300,천천동
수원시 장안구,4111157100,정자1동,4111113000,정자동
수원시 장안구,4111157200,정자2동,4111113000,정자동
수원시 장안구,4111157300,정자3동,4111113000,정자동
수원시 장안구,4111157300,정자3동,4111113300,천천동
수원시 장안구,4111158000,영화동,4111113400,영화동
수원시 장안구,4111159100,송죽동,4111113500,송죽동
수원시 장안구,4111159700,조원1동,4111113600,조원동
수원시 장안구,4111159800,조원2동,4111113600,조원동
수원시 장안구,4111160000,연무동,4111113800,상광교동
수원시 장안구,4111160000,연무동,4111113900,하광교동
수원시 장안구,4111160000,연무동,4111113700,연무동
수원시 권선구,4111352000,세류1동,4111312600,세류동
수원시 권선구,4111353000,세류2동,4111313800,장지동
수원시 권선구,4111353000,세류2동,4111312600,세류동
수원시 권선구,4111354000,세류3동,4111312600,세류동
수원시 권선구,4111355000,평동,4111313500,호매실동
수원시 권선구,4111355000,평동,4111313000,평리동
수원시 권선구,4111355000,평동,4111312900,오목천동
수원시 권선구,4111355000,평동,4111312800,고색동
수원시 권선구,4111355000,평동,4111312700,평동
수원시 권선구,4111356000,서둔동,4111313300,탑동
수원시 권선구,4111356000,서둔동,4111313100,서둔동
수원시 권선구,4111365000,구운동,4111313200,구운동
수원시 권선구,4111366200,금곡동,4111313400,금곡동
수원시 권선구,4111366400,호매실동,4111313500,호매실동
수원시 권선구,4111367000,권선1동,4111313700,권선동
수원시 권선구,4111368000,권선2동,4111313700,권선동
수원시 권선구,4111369000,곡선동,4111313600,곡반정동
수원시 권선구,4111369000,곡선동,4111313700,권선동
수원시 권선구,4111369000,곡선동,4111313900,대황교동
수원시 권선구,4111370000,입북동,4111314100,당수동
수원시 권선구,4111370000,입북동,4111314000,입북동
수원시 팔달구,4111565000,매교동,4111513300,매교동
수원시 팔달구,4111565000,매교동,4111513200,교동
수원시 팔달구,4111566000,매산동,4111513400,매산로1가
수원시 팔달구,4111566000,매산동,4111513500,매산로2가
수원시 팔달구,4111566000,매산동,4111513600,매산로3가
수원시 팔달구,4111567000,고등동,4111513700,고등동
수원시 팔달구,4111568000,화서1동,4111513800,화서동
수원시 팔달구,4111569000,화서2동,4111513800,화서동
수원시 팔달구,4111570000,지동,4111513900,지동
수원시 팔달구,4111571000,우만1동,4111514000,우만동
수원시 팔달구,4111572000,우만2동,4111514000,우만동
수원시 팔달구,4111573000,인계동,4111514100,인계동
수원시 팔달구,4111574000,행궁동,4111512100,팔달로2가
수원시 팔달구,4111574000,행궁동,4111512200,팔달로3가
수원시 팔달구,4111574000,행궁동,4111512700,남수동
수원시 팔달구,4111574000,행궁동,4111512000,팔달로1가
수원시 팔달구,4111574000,행궁동,4111512300,남창동
수원시 팔달구,4111574000,행궁동,4111512400,영동
수원시 팔달구,4111574000,행궁동,4111512800,매향동
수원시 팔달구,4111574000,행궁동,4111512900,북수동
수원시 팔달구,4111574000,행궁동,4111512600,구천동
수원시 팔달구,4111574000,행궁동,4111512500,중동
수원시 팔달구,4111574000,행궁동,4111513100,장안동
수원시 팔달구,4111574000,행궁동,4111513000,신풍동
수원시 영통구,4111751000,매탄1동,4111710100,매탄동
수원시 영통구,4111752000,매탄2동,4111710100,매탄동
수원시 영통구,4111753000,매탄3동,4111710100,매탄동
수원시 영통구,4111754000,매탄4동,4111710100,매탄동
수원시 영통구,4111755000,원천동,4111710200,원천동
수원시 영통구,4111757000,영통1동,4111710500,영통동
수원시 영통구,4111758000,영통2동,4111710500,영통동
수원시 영통구,4111758000,영통2동,4111710600,신동
수원시 영통구,4111758000,영통2동,4111710700,망포동
수원시 영통구,4111758500,영통3동,4111710500,영통동
수원시 영통구,4111759300,망포1동,4111710700,망포동
수원시 영통구,4111759600,망포2동,4111710700,망포동
수원시 영통구,4111760000,광교1동,4111710300,이의동
수원시 영통구,4111761000,광교2동,4111710400,하동
