일자_전,시도(출발),시군구(출발),읍면동(출발),시도(도착),시군구(도착),읍면동(도착),통행량_전,통행시간_전,통행거리_전,일자_후,통행량_후,통행시간_후,통행거리_후,분석노선,기준월,비교월
2024-09,경기도,수원시,세류동,경기도,수원시,교동,306,12.55,2911,2025-04,341,13.18,3044,02,2024-09,2025-04
2024-09,경기도,수원시,세류동,경기도,수원시,팔달로1가,106,14.85,3047,2025-04,59,13.74,2866,02,2024-09,2025-04
2024-09,경기도,수원시,세류동,경기도,양주시,덕계동,1,145.15,77700,2025-04,3,9.05,2578,02,2024-09,2025-04
2024-09,경기도,수원시,세류동,서울특별시,용산구,원효로2가,1,11.51,2664,2025-04,1,79.06,46046,02,2024-09,2025-04
2024-09,경기도,수원시,오목천동,경기도,수원시,오목천동,6282,12.21,2944,2025-04,5615,13.03,3022,02,2024-09,2025-04
2024-09,경기도,수원시,조원동,경기도,수원시,팔달로1가,1,11.68,2620,2025-04,3,25.46,5380,02,2024-09,2025-04
2024-09,경기도,수원시,매탄동,경기도,평택시,칠괴동,11,13.87,6008,2025-05,17,8.58,2934,02,2024-09,2025-05
2024-09,경기도,수원시,세류동,경기도,광주시,문형동,3,94.3,33626,2025-05,1,5.01,2670,02,2024-09,2025-05
2024-09,경기도,수원시,세류동,경기도,광주시,삼동,10,86.56,39607,2025-05,2,8.37,1930,02,2024-09,2025-05
2024-09,경기도,수원시,세류동,경기도,군포시,대야미동,4,44.57,19799,2025-05,1,5.18,1223,02,2024-09,2025-05
2024-09,경기도,수원시,세류동,경기도,수원시,매산로3가,12,10.19,2458,2025-05,10,13.66,3319,02,2024-09,2025-05
2024-09,경기도,수원시,오목천동,경기도,수원시,오목천동,6282,12.21,2944,2025-05,5367,13.04,3064,02,2024-09,2025-05
2024-09,경기도,수원시,조원동,경기도,수원시,팔달로1가,1,11.68,2620,2025-05,1,20.75,4590,02,2024-09,2025-05
2024-09,경기도,수원시,매탄동,경기도,평택시,칠괴동,11,13.87,6008,2025-12,3,10.35,2830,02,2024-09,2025-12
2024-09,경기도,수원시,세류동,경기도,고양시,행주내동,1,80.03,47696,2025-12,2,6.06,1997,02,2024-09,2025-12
2024-09,경기도,수원시,세류동,경기도,수원시,팔달로1가,106,14.85,3047,2025-12,84,14.54,2949,02,2024-09,2025-12
2024-09,경기도,수원시,오목천동,경기도,수원시,오목천동,6282,12.21,2944,2025-12,5903,13.04,3020,02,2024-09,2025-12
2024-09,경기도,수원시,오목천동,경기도,화성시,배양동,6,13.2,3709,2025-12,1,5.16,2032,02,2024-09,2025-12
2024-09,경기도,수원시,정자동,인천광역시,부평구,일신동,1,83.7,53467,2025-12,1,8.75,2201,02,2024-09,2025-12
2024-09,경기도,수원시,조원동,경기도,수원시,매향동,49,15.16,2959,2025-12,35,18.05,5188,02,2024-09,2025-12
2024-09,경기도,수원시,조원동,경기도,수원시,중동,3,39.23,10583,2025-12,1,9.45,2670,02,2024-09,2025-12
2024-09,경기도,수원시,조원동,경기도,수원시,팔달로1가,1,11.68,2620,2025-12,3,27.11,5977,02,2024-09,2025-12
2024-09,경기도,수원시,평동,서울특별시,영등포구,문래동3가,1,57.88,33540,2025-12,1,10.36,2521,02,2024-09,2025-12
2024-09,경기도,수원시,당수동,경기도,수원시,입북동,976,10.21,3087,2025-12,1118,10.23,2904,03,2024-09,2025-12
2024-09,경기도,수원시,매탄동,경기도,평택시,칠괴동,11,13.87,6008,2025-12,3,10.35,2830,03,2024-09,2025-12
2024-09,경기도,수원시,세류동,경기도,고양시,행주내동,1,80.03,47696,2025-12,2,6.06,1997,03,2024-09,2025-12
2024-09,경기도,수원시,세류동,경기도,수원시,팔달로1가,106,14.85,3047,2025-12,84,14.54,2949,03,2024-09,2025-12
2024-09,경기도,수원시,입북동,경기도,군포시,부곡동,2,38.72,12295,2025-12,1,6.18,2424,03,2024-09,2025-12
2024-09,경기도,수원시,정자동,인천광역시,부평구,일신동,1,83.7,53467,2025-12,1,8.75,2201,03,2024-09,2025-12
2024-09,경기도,수원시,조원동,경기도,수원시,매향동,49,15.16,2959,2025-12,35,18.05,5188,03,2024-09,2025-12
2024-09,경기도,수원시,조원동,경기도,수원시,중동,3,39.23,10583,2025-12,1,9.45,2670,03,2024-09,2025-12
2024-09,경기도,수원시,조원동,경기도,수원시,팔달로1가,1,11.68,2620,2025-12,3,27.11,5977,03,2024-09,2025-12
2025-04,경기도,수원시,매탄동,경기도,평택시,칠괴동,13,10.29,3170,2025-12,3,10.35,2830,03,2025-04,2025-12
2025-04,경기도,수원시,세류동,경기도,수원시,교동,341,13.18,3044,2025-12,390,12.71,2974,03,2025-04,2025-12
2025-04,경기도,수원시,세류동,경기도,양주시,덕계동,3,9.05,2578,2025-12,3,141.88,84520,03,2025-04,2025-12
2025-04,경기도,수원시,입북동,경기도,군포시,부곡동,4,34.33,10319,2025-12,1,6.18,2424,03,2025-04,2025-12
2025-04,경기도,수원시,입북동,경기도,시흥시,장곡동,5,70.7,33305,2025-12,1,9.83,2903,03,2025-04,2025-12
2025-04,경기도,수원시,정자동,인천광역시,부평구,일신동,28,80.57,38738,2025-12,1,8.75,2201,03,2025-04,2025-12
2025-04,경기도,수원시,조원동,경기도,수원시,매향동,59,10.62,2173,2025-12,35,18.05,5188,03,2025-04,2025-12
2025-05,경기도,수원시,세류동,경기도,고양시,행주내동,2,50.46,31260,2025-12,2,6.06,1997,03,2025-05,2025-12
2025-05,경기도,수원시,세류동,경기도,광주시,삼동,2,8.37,1930,2025-12,2,40.77,21369,03,2025-05,2025-12
2025-05,경기도,수원시,세류동,경기도,군포시,대야미동,1,5.18,1223,2025-12,11,51.87,21253,03,2025-05,2025-12
2025-05,경기도,수원시,세류동,경기도,수원시,매산로3가,10,13.66,3319,2025-12,11,7.89,2183,03,2025-05,2025-12
2025-05,경기도,수원시,세류동,경기도,수원시,팔달로1가,80,14.68,3113,2025-12,84,14.54,2949,03,2025-05,2025-12
2025-05,경기도,수원시,세류동,서울특별시,성동구,금호동1가,1,117.61,48000,2025-12,1,18.21,2564,03,2025-05,2025-12
2025-05,경기도,수원시,입북동,경기도,군포시,부곡동,5,21.07,9714,2025-12,1,6.18,2424,03,2025-05,2025-12
2025-05,경기도,수원시,입북동,경기도,시흥시,장곡동,3,84.38,38340,2025-12,1,9.83,2903,03,2025-05,2025-12
2025-05,경기도,수원시,입북동,경기도,의왕시,월암동,1,3.8,1328,2025-12,2,10.63,3535,03,2025-05,2025-12
2025-05,경기도,수원시,정자동,인천광역시,부평구,일신동,8,85.09,41050,2025-12,1,8.75,2201,03,2025-05,2025-12
2025-05,경기도,수원시,조원동,경기도,수원시,매향동,39,10.32,2159,2025-12,35,18.05,5188,03,2025-05,2025-12
2025-05,경기도,수원시,조원동,경기도,수원시,중동,4,48.06,12780,2025-12,1,9.45,2670,03,2025-05,2025-12
