날짜,기간,그룹,출발코드,출발동,도착코드,도착동,이용인원
20240312,3월,처치군(광교),4111710300,이의동,4111710300,이의동,1409
20240312,3월,처치군(광교),4111710300,이의동,4111710400,하동,374
20240312,3월,처치군(광교),4111710300,이의동,4111710200,원천동,944
20240312,3월,처치군(광교),4111710300,이의동,4111710100,매탄동,418
20240312,3월,처치군(광교),4111710300,이의동,4111710500,영통동,352
20240312,3월,처치군(광교),4111710300,이의동,4111710700,망포동,131
20240312,3월,처치군(광교),4111710300,이의동,4111514000,우만동,714
20240312,3월,처치군(광교),4111710300,이의동,4111514100,인계동,510
20240312,3월,처치군(광교),4111710300,이의동,4111113700,연무동,411
20240312,3월,처치군(광교),4111710300,이의동,4111113800,상광교동,1
20240312,3월,처치군(광교),4111710300,이의동,4111113900,하광교동,0
20240312,3월,처치군(광교),4111710400,하동,4111710300,이의동,535
20240312,3월,처치군(광교),4111710400,하동,4111710400,하동,194
20240312,3월,처치군(광교),4111710400,하동,4111710200,원천동,321
20240312,3월,처치군(광교),4111710400,하동,4111710100,매탄동,77
20240312,3월,처치군(광교),4111710400,하동,4111710500,영통동,121
20240312,3월,처치군(광교),4111710400,하동,4111710700,망포동,20
20240312,3월,처치군(광교),4111710400,하동,4111514000,우만동,168
20240312,3월,처치군(광교),4111710400,하동,4111514100,인계동,108
20240312,3월,처치군(광교),4111710400,하동,4111113700,연무동,53
20240312,3월,처치군(광교),4111710400,하동,4111113800,상광교동,0
20240312,3월,처치군(광교),4111710400,하동,4111113900,하광교동,0
20240312,3월,처치군(광교),4111710200,원천동,4111710300,이의동,978
20240312,3월,처치군(광교),4111710200,원천동,4111710400,하동,435
20240312,3월,처치군(광교),4111710200,원천동,4111710200,원천동,702
20240312,3월,처치군(광교),4111710200,원천동,4111710100,매탄동,440
20240312,3월,처치군(광교),4111710200,원천동,4111710500,영통동,774
20240312,3월,처치군(광교),4111710200,원천동,4111710700,망포동,131
20240312,3월,처치군(광교),4111710200,원천동,4111514000,우만동,1187
20240312,3월,처치군(광교),4111710200,원천동,4111514100,인계동,695
20240312,3월,처치군(광교),4111710200,원천동,4111113700,연무동,40
20240312,3월,처치군(광교),4111710200,원천동,4111113800,상광교동,2
20240312,3월,처치군(광교),4111710200,원천동,4111113900,하광교동,3
20240312,3월,비교군(정자동),4111113000,정자동,4111113000,정자동,1425
20240312,3월,비교군(정자동),4111113000,정자동,4111113300,천천동,1023
20240312,3월,비교군(정자동),4111113000,정자동,4111113200,율전동,495
20240312,3월,비교군(정자동),4111113000,정자동,4111113100,이목동,315
20240312,3월,비교군(정자동),4111113000,정자동,4111112900,파장동,395
20240312,3월,비교군(정자동),4111113000,정자동,4111113500,송죽동,267
20240312,3월,비교군(정자동),4111113000,정자동,4111113600,조원동,366
20240312,3월,비교군(정자동),4111113000,정자동,4111113400,영화동,532
20240312,3월,비교군(정자동),4111113000,정자동,4111513800,화서동,1132
20240312,3월,비교군(정자동),4111113000,정자동,4111313100,서둔동,560
20240312,3월,비교군(정자동),4111113000,정자동,4111313200,구운동,489
20240313,3월,처치군(광교),4111710300,이의동,4111710300,이의동,1541
20240313,3월,처치군(광교),4111710300,이의동,4111710400,하동,397
20240313,3월,처치군(광교),4111710300,이의동,4111710200,원천동,999
20240313,3월,처치군(광교),4111710300,이의동,4111710100,매탄동,376
20240313,3월,처치군(광교),4111710300,이의동,4111710500,영통동,341
20240313,3월,처치군(광교),4111710300,이의동,4111710700,망포동,156
20240313,3월,처치군(광교),4111710300,이의동,4111514000,우만동,770
20240313,3월,처치군(광교),4111710300,이의동,4111514100,인계동,522
20240313,3월,처치군(광교),4111710300,이의동,4111113700,연무동,419
20240313,3월,처치군(광교),4111710300,이의동,4111113800,상광교동,0
20240313,3월,처치군(광교),4111710300,이의동,4111113900,하광교동,3
20240313,3월,처치군(광교),4111710400,하동,4111710300,이의동,593
20240313,3월,처치군(광교),4111710400,하동,4111710400,하동,197
20240313,3월,처치군(광교),4111710400,하동,4111710200,원천동,319
20240313,3월,처치군(광교),4111710400,하동,4111710100,매탄동,75
20240313,3월,처치군(광교),4111710400,하동,4111710500,영통동,128
20240313,3월,처치군(광교),4111710400,하동,4111514000,우만동,188
20240313,3월,처치군(광교),4111710400,하동,4111514100,인계동,111
20240313,3월,처치군(광교),4111710200,원천동,4111710300,이의동,893
20240313,3월,처치군(광교),4111710200,원천동,4111514000,우만동,1220
20240313,3월,처치군(광교),4111710200,원천동,4111710200,원천동,694
20240313,3월,처치군(광교),4111710200,원천동,4111514100,인계동,763
20240313,3월,처치군(광교),4111710200,원천동,4111710500,영통동,760
20240313,3월,처치군(광교),4111710200,원천동,4111710400,하동,466
20240313,3월,처치군(광교),4111710200,원천동,4111710100,매탄동,464
20240313,3월,비교군(정자동),4111113000,정자동,4111113000,정자동,1490
20240313,3월,비교군(정자동),4111113000,정자동,4111513800,화서동,1250
20240313,3월,비교군(정자동),4111113000,정자동,4111113300,천천동,1094
20240313,3월,비교군(정자동),4111113000,정자동,4111313100,서둔동,572
20240313,3월,비교군(정자동),4111113000,정자동,4111113400,영화동,558
20240313,3월,비교군(정자동),4111113000,정자동,4111113200,율전동,474
20240313,3월,비교군(정자동),4111113000,정자동,4111313200,구운동,505
20240313,3월,비교군(정자동),4111113000,정자동,4111112900,파장동,390
20240313,3월,비교군(정자동),4111113000,정자동,4111113600,조원동,330
20240314,3월,처치군(광교),4111710300,이의동,4111710300,이의동,1488
20240314,3월,처치군(광교),4111710300,이의동,4111514000,우만동,713
20240314,3월,처치군(광교),4111710300,이의동,4111710200,원천동,944
20240314,3월,처치군(광교),4111710300,이의동,4111514100,인계동,508
20240314,3월,처치군(광교),4111710300,이의동,4111710500,영통동,336
20240314,3월,처치군(광교),4111710300,이의동,4111710400,하동,391
20240314,3월,처치군(광교),4111710300,이의동,4111710100,매탄동,390
20240314,3월,처치군(광교),4111710400,하동,4111710300,이의동,582
20240314,3월,처치군(광교),4111710400,하동,4111514000,우만동,172
20240314,3월,처치군(광교),4111710400,하동,4111710200,원천동,312
20240314,3월,처치군(광교),4111710400,하동,4111514100,인계동,118
20240314,3월,처치군(광교),4111710400,하동,4111710500,영통동,124
20240314,3월,처치군(광교),4111710400,하동,4111710400,하동,167
20240314,3월,처치군(광교),4111710400,하동,4111710100,매탄동,63
20240314,3월,처치군(광교),4111710200,원천동,4111710300,이의동,938
20240314,3월,처치군(광교),4111710200,원천동,4111514000,우만동,1221
20240314,3월,처치군(광교),4111710200,원천동,4111710200,원천동,637
20240314,3월,처치군(광교),4111710200,원천동,4111514100,인계동,745
20240314,3월,처치군(광교),4111710200,원천동,4111710500,영통동,789
20240314,3월,처치군(광교),4111710200,원천동,4111710400,하동,471
20240314,3월,처치군(광교),4111710200,원천동,4111710100,매탄동,449
20240314,3월,비교군(정자동),4111113000,정자동,4111113000,정자동,1418
20240314,3월,비교군(정자동),4111113000,정자동,4111513800,화서동,1170
20240314,3월,비교군(정자동),4111113000,정자동,4111113300,천천동,1050
20240314,3월,비교군(정자동),4111113000,정자동,4111313100,서둔동,541
20240314,3월,비교군(정자동),4111113000,정자동,4111113400,영화동,520
20240314,3월,비교군(정자동),4111113000,정자동,4111113200,율전동,452
20240314,3월,비교군(정자동),4111113000,정자동,4111313200,구운동,463
20240314,3월,비교군(정자동),4111113000,정자동,4111112900,파장동,382
20240314,3월,비교군(정자동),4111113000,정자동,4111113600,조원동,340
20240416,4월,처치군(광교),4111710300,이의동,4111710300,이의동,1397
20240416,4월,처치군(광교),4111710300,이의동,4111514000,우만동,699
20240416,4월,처치군(광교),4111710300,이의동,4111710200,원천동,911
20240416,4월,처치군(광교),4111710300,이의동,4111514100,인계동,516
20240416,4월,처치군(광교),4111710300,이의동,4111710500,영통동,343
20240416,4월,처치군(광교),4111710300,이의동,4111710400,하동,367
20240416,4월,처치군(광교),4111710300,이의동,4111710100,매탄동,420
20240416,4월,처치군(광교),4111710400,하동,4111710300,이의동,541
20240416,4월,처치군(광교),4111710400,하동,4111514000,우만동,178
20240416,4월,처치군(광교),4111710400,하동,4111710200,원천동,353
20240416,4월,처치군(광교),4111710400,하동,4111514100,인계동,136
