출발동,그룹,월,일수,전체,수원내,구역내부,단거리3km
고색동,02,2024-09,30,7079.6,4228.2,528.0,528.0
고색동,02,2025-04,30,8205.6,4828.1,577.2,577.2
고색동,02,2025-05,31,7568.2,4492.1,537.2,537.2
고색동,02,2025-12,31,7993.4,4811.5,573.1,573.1
금곡동,03,2024-09,30,7896.5,5765.9,1287.7,1709.4
금곡동,03,2025-04,30,8647.7,6096.2,1292.5,1746.4
금곡동,03,2025-05,31,8298.7,5941.8,1277.5,1706.6
금곡동,03,2025-12,31,8647.3,6238.2,1343.5,1811.4
당수동,03,2024-09,30,1627.3,1136.7,294.6,233.3
당수동,03,2025-04,30,1805.8,1249.7,333.4,305.3
당수동,03,2025-05,31,1752.9,1234.5,345.5,314.9
당수동,03,2025-12,31,1665.6,1155.1,268.5,244.0
매탄동,비교군,2024-03,31,13552.3,8908.2,1184.2,3496.1
매탄동,비교군,2024-05,31,13461.9,8839.0,1123.5,3366.3
매탄동,비교군,2024-09,30,12560.2,8384.6,1165.8,3394.8
매탄동,비교군,2025-04,30,12948.5,8351.4,1086.7,3248.3
매탄동,비교군,2025-05,31,12129.0,7851.5,977.7,2988.9
매탄동,비교군,2025-12,31,13424.4,8899.9,1210.4,3687.2
세류동,비교군,2024-09,30,8202.0,5867.0,831.7,2847.2
세류동,비교군,2025-04,30,8424.9,5966.0,828.4,2834.6
세류동,비교군,2025-05,31,7842.7,5574.7,746.8,2669.5
세류동,비교군,2025-12,31,8437.2,6113.4,848.1,2982.0
오목천동,02,2024-09,30,5542.6,2845.4,583.3,530.5
오목천동,02,2025-04,30,6053.5,3062.9,600.7,362.8
오목천동,02,2025-05,31,5669.2,2922.6,551.5,326.6
오목천동,02,2025-12,31,5677.9,3053.2,589.5,341.9
이의동,01,2024-03,31,24527.3,8062.1,1629.7,3489.5
이의동,01,2024-05,31,24922.9,8117.8,1607.2,3395.2
입북동,03,2024-09,30,920.8,634.4,73.2,285.3
입북동,03,2025-04,30,1018.2,666.0,86.1,303.0
입북동,03,2025-05,31,972.7,650.5,81.1,293.6
입북동,03,2025-12,31,982.7,661.6,81.8,303.0
정자동,비교군,2024-03,31,15715.4,10669.5,1300.2,4985.5
정자동,비교군,2024-05,31,16225.1,10956.8,1349.5,5067.4
정자동,비교군,2024-09,30,15615.1,10789.3,1530.4,5334.6
정자동,비교군,2025-04,30,16713.9,11073.5,1459.3,5264.1
정자동,비교군,2025-05,31,15705.1,10577.9,1358.0,4976.5
정자동,비교군,2025-12,31,15763.4,10891.9,1523.6,5301.1
조원동,비교군,2024-09,30,8910.0,4849.1,373.3,2184.5
조원동,비교군,2025-04,30,7633.1,4689.7,321.3,1987.1
조원동,비교군,2025-05,31,7905.0,4651.8,305.8,1904.5
조원동,비교군,2025-12,31,8618.4,4935.1,363.0,2163.0
평동,02,2024-09,30,402.0,285.7,67.3,107.1
평동,02,2025-04,30,478.9,322.8,72.9,114.6
평동,02,2025-05,31,438.7,291.5,65.3,103.2
평동,02,2025-12,31,543.6,381.9,84.7,135.1
하동,01,2024-03,31,3519.9,2105.1,666.4,1002.7
하동,01,2024-05,31,3648.7,2173.2,670.5,1017.4
