노선,기준월,비교월,그룹,기준거리km,기준월_대상쌍,공통관측_대상쌍,후월미관측_쌍,기준월통행_포착비율,포착률상태
02,2024-09,2025-04,02,2,5,5,0,1.0,계산가능
02,2024-09,2025-04,02,3,12,12,0,1.0,계산가능
02,2024-09,2025-04,02,4,30,30,0,1.0,계산가능
02,2024-09,2025-04,비교군,2,7,6,1,0.9999932944410916,계산가능
02,2024-09,2025-04,비교군,3,36,35,1,0.9999975777012869,계산가능
02,2024-09,2025-04,비교군,4,61,60,1,0.9999982018334107,계산가능
02,2024-09,2025-05,02,2,5,4,1,0.9998495561907628,계산가능
02,2024-09,2025-05,02,3,12,11,1,0.9999142097286168,계산가능
02,2024-09,2025-05,02,4,30,29,1,0.9999708157011528,계산가능
02,2024-09,2025-05,비교군,2,7,6,1,0.9999932944410916,계산가능
02,2024-09,2025-05,비교군,3,36,34,2,0.9999951554025739,계산가능
02,2024-09,2025-05,비교군,4,61,59,2,0.9999964036668213,계산가능
02,2024-09,2025-12,02,2,5,5,0,1.0,계산가능
02,2024-09,2025-12,02,3,12,12,0,1.0,계산가능
02,2024-09,2025-12,02,4,30,30,0,1.0,계산가능
02,2024-09,2025-12,비교군,2,7,6,1,0.9999932944410916,계산가능
02,2024-09,2025-12,비교군,3,36,34,2,0.9999951554025739,계산가능
02,2024-09,2025-12,비교군,4,61,59,2,0.9999964036668213,계산가능
03,2024-09,2025-12,03,2,1,1,0,1.0,계산가능
03,2024-09,2025-12,03,3,9,8,1,0.9999850391226942,계산가능
03,2024-09,2025-12,03,4,14,13,1,0.9999900245396325,계산가능
03,2024-09,2025-12,비교군,2,7,6,1,0.9999932944410916,계산가능
03,2024-09,2025-12,비교군,3,36,34,2,0.9999951554025739,계산가능
03,2024-09,2025-12,비교군,4,61,59,2,0.9999964036668213,계산가능
03,2025-04,2025-12,03,2,1,0,1,0.0,계산가능
03,2025-04,2025-12,03,3,11,9,2,0.9999716882307975,계산가능
03,2025-04,2025-12,03,4,16,14,2,0.9999808669198611,계산가능
03,2025-04,2025-12,비교군,2,6,6,0,1.0,계산가능
03,2025-04,2025-12,비교군,3,34,34,0,1.0,계산가능
03,2025-04,2025-12,비교군,4,62,61,1,0.9999981603003861,계산가능
03,2025-05,2025-12,03,2,1,1,0,1.0,계산가능
03,2025-05,2025-12,03,3,10,10,0,1.0,계산가능
03,2025-05,2025-12,03,4,16,16,0,1.0,계산가능
03,2025-05,2025-12,비교군,2,7,7,0,1.0,계산가능
03,2025-05,2025-12,비교군,3,37,35,2,0.9999948549613608,계산가능
03,2025-05,2025-12,비교군,4,62,60,2,0.9999962411596774,계산가능
