노선,기간,일수,일평균,평일평균,주말평균,평일/주말
01,2024-05,14.0,212.1,224.2,191.0,1.17
01,2024-09,13.0,265.3,271.6,244.3,1.11
01,2024-11,14.0,268.7,278.7,243.8,1.14
01,2025-05,14.0,255.7,296.3,223.0,1.33
01,2025-11,14.0,379.6,389.7,354.5,1.1
01,2026-01,14.0,388.9,412.2,361.0,1.14
01,2026-05,14.0,505.2,505.4,504.8,1.0
01,2026-08,14.0,614.3,633.6,566.0,1.12
01,2026-09,14.0,591.7,611.0,543.5,1.12
02,2024-10,8.0,10.5,11.0,11.0,1.0
02,2024-11,3.0,220.3,220.3,,
02,2025-04,14.0,414.6,502.6,194.8,2.58
02,2025-10,14.0,377.1,656.0,226.8,2.89
02,2026-01,14.0,442.9,549.3,265.0,2.07
02,2026-04,14.0,600.7,710.9,325.2,2.19
02,2026-08,14.0,517.9,594.9,325.5,1.83
02,2026-09,14.0,638.4,751.7,355.2,2.12
03,2025-06,5.0,16.4,14.8,23.0,0.64
03,2025-12,14.0,546.6,571.1,485.5,1.18
03,2026-01,14.0,543.6,576.3,504.8,1.14
03,2026-06,14.0,581.1,602.5,527.5,1.14
03,2026-08,14.0,595.4,625.4,520.5,1.2
03,2026-09,14.0,619.1,645.4,553.2,1.17
04,2026-02,8.0,28.0,30.0,24.7,1.21
04,2026-05,14.0,121.6,130.5,99.5,1.31
04,2026-08,14.0,156.1,170.5,120.2,1.42
04,2026-09,14.0,165.9,183.0,123.2,1.49
