노선,날짜,요일,이용량,주말,공휴일,평일,기간,운행단계
01,2024-05-01,수,185,False,True,False,2024-05,정식운행
01,2024-05-02,목,204,False,False,True,2024-05,정식운행
01,2024-05-03,금,229,False,False,True,2024-05,정식운행
01,2024-05-04,토,197,True,False,False,2024-05,정식운행
01,2024-05-05,일,164,True,False,False,2024-05,정식운행
01,2024-05-06,월,227,False,True,False,2024-05,정식운행
01,2024-05-07,화,232,False,False,True,2024-05,정식운행
01,2024-05-08,수,219,False,False,True,2024-05,정식운행
01,2024-05-09,목,234,False,False,True,2024-05,정식운행
01,2024-05-10,금,211,False,False,True,2024-05,정식운행
01,2024-05-11,토,222,True,False,False,2024-05,정식운행
01,2024-05-12,일,181,True,False,False,2024-05,정식운행
01,2024-05-13,월,194,False,False,True,2024-05,정식운행
01,2024-05-14,화,271,False,False,True,2024-05,정식운행
01,2024-09-01,일,235,True,False,False,2024-09,정식운행
01,2024-09-02,월,292,False,False,True,2024-09,정식운행
01,2024-09-03,화,265,False,False,True,2024-09,정식운행
01,2024-09-04,수,256,False,False,True,2024-09,정식운행
01,2024-09-05,목,250,False,False,True,2024-09,정식운행
01,2024-09-06,금,269,False,False,True,2024-09,정식운행
01,2024-09-07,토,279,True,False,False,2024-09,정식운행
01,2024-09-08,일,219,True,False,False,2024-09,정식운행
01,2024-09-09,월,274,False,False,True,2024-09,정식운행
01,2024-09-10,화,296,False,False,True,2024-09,정식운행
01,2024-09-11,수,276,False,False,True,2024-09,정식운행
01,2024-09-12,목,278,False,False,True,2024-09,정식운행
01,2024-09-13,금,260,False,False,True,2024-09,정식운행
01,2024-11-01,금,279,False,False,True,2024-11,정식운행
01,2024-11-02,토,270,True,False,False,2024-11,정식운행
01,2024-11-03,일,226,True,False,False,2024-11,정식운행
01,2024-11-04,월,256,False,False,True,2024-11,정식운행
01,2024-11-05,화,263,False,False,True,2024-11,정식운행
01,2024-11-06,수,282,False,False,True,2024-11,정식운행
01,2024-11-07,목,288,False,False,True,2024-11,정식운행
01,2024-11-08,금,280,False,False,True,2024-11,정식운행
01,2024-11-09,토,273,True,False,False,2024-11,정식운행
01,2024-11-10,일,206,True,False,False,2024-11,정식운행
01,2024-11-11,월,264,False,False,True,2024-11,정식운행
01,2024-11-12,화,288,False,False,True,2024-11,정식운행
01,2024-11-13,수,286,False,False,True,2024-11,정식운행
01,2024-11-14,목,301,False,False,True,2024-11,정식운행
01,2025-05-01,목,249,False,True,False,2025-05,정식운행
01,2025-05-02,금,308,False,False,True,2025-05,정식운행
01,2025-05-03,토,235,True,False,False,2025-05,정식운행
01,2025-05-04,일,205,True,False,False,2025-05,정식운행
01,2025-05-05,월,173,False,True,False,2025-05,정식운행
01,2025-05-06,화,192,False,True,False,2025-05,정식운행
01,2025-05-07,수,302,False,False,True,2025-05,정식운행
01,2025-05-08,목,286,False,False,True,2025-05,정식운행
01,2025-05-09,금,298,False,False,True,2025-05,정식운행
01,2025-05-10,토,252,True,False,False,2025-05,정식운행
01,2025-05-11,일,200,True,False,False,2025-05,정식운행
01,2025-05-12,월,281,False,False,True,2025-05,정식운행
01,2025-05-13,화,286,False,False,True,2025-05,정식운행
01,2025-05-14,수,313,False,False,True,2025-05,정식운행
01,2025-11-01,토,354,True,False,False,2025-11,정식운행
01,2025-11-02,일,335,True,False,False,2025-11,정식운행
01,2025-11-03,월,400,False,False,True,2025-11,정식운행
01,2025-11-04,화,407,False,False,True,2025-11,정식운행
01,2025-11-05,수,353,False,False,True,2025-11,정식운행
01,2025-11-06,목,352,False,False,True,2025-11,정식운행
01,2025-11-07,금,390,False,False,True,2025-11,정식운행
01,2025-11-08,토,363,True,False,False,2025-11,정식운행
01,2025-11-09,일,366,True,False,False,2025-11,정식운행
01,2025-11-10,월,394,False,False,True,2025-11,정식운행
01,2025-11-11,화,424,False,False,True,2025-11,정식운행
01,2025-11-12,수,386,False,False,True,2025-11,정식운행
01,2025-11-13,목,393,False,False,True,2025-11,정식운행
01,2025-11-14,금,398,False,False,True,2025-11,정식운행
01,2026-01-01,목,291,False,True,False,2026-01,정식운행
01,2026-01-02,금,415,False,False,True,2026-01,정식운행
01,2026-01-03,토,360,True,False,False,2026-01,정식운행
01,2026-01-04,일,376,True,False,False,2026-01,정식운행
01,2026-01-05,월,413,False,False,True,2026-01,정식운행
01,2026-01-06,화,414,False,False,True,2026-01,정식운행
01,2026-01-07,수,403,False,False,True,2026-01,정식운행
01,2026-01-08,목,412,False,False,True,2026-01,정식운행
01,2026-01-09,금,406,False,False,True,2026-01,정식운행
01,2026-01-10,토,367,True,False,False,2026-01,정식운행
01,2026-01-11,일,341,True,False,False,2026-01,정식운행
01,2026-01-12,월,410,False,False,True,2026-01,정식운행
01,2026-01-13,화,432,False,False,True,2026-01,정식운행
01,2026-01-14,수,405,False,False,True,2026-01,정식운행
01,2026-05-01,금,440,False,True,False,2026-05,정식운행
01,2026-05-02,토,487,True,False,False,2026-05,정식운행
01,2026-05-03,일,455,True,False,False,2026-05,정식운행
01,2026-05-04,월,494,False,False,True,2026-05,정식운행
01,2026-05-05,화,470,False,True,False,2026-05,정식운행
01,2026-05-06,수,519,False,False,True,2026-05,정식운행
01,2026-05-07,목,532,False,False,True,2026-05,정식운행
01,2026-05-08,금,525,False,False,True,2026-05,정식운행
01,2026-05-09,토,592,True,False,False,2026-05,정식운행
01,2026-05-10,일,485,True,False,False,2026-05,정식운행
01,2026-05-11,월,531,False,False,True,2026-05,정식운행
01,2026-05-12,화,529,False,False,True,2026-05,정식운행
01,2026-05-13,수,490,False,False,True,2026-05,정식운행
01,2026-05-14,목,524,False,False,True,2026-05,정식운행
01,2026-08-01,토,612,True,False,False,2026-08,정식운행
01,2026-08-02,일,524,True,False,False,2026-08,정식운행
01,2026-08-03,월,624,False,False,True,2026-08,정식운행
01,2026-08-04,화,646,False,False,True,2026-08,정식운행
01,2026-08-05,수,650,False,False,True,2026-08,정식운행
01,2026-08-06,목,692,False,False,True,2026-08,정식운행
01,2026-08-07,금,646,False,False,True,2026-08,정식운행
01,2026-08-08,토,571,True,False,False,2026-08,정식운행
01,2026-08-09,일,557,True,False,False,2026-08,정식운행
01,2026-08-10,월,638,False,False,True,2026-08,정식운행
01,2026-08-11,화,656,False,False,True,2026-08,정식운행
01,2026-08-12,수,600,False,False,True,2026-08,정식운행
01,2026-08-13,목,605,False,False,True,2026-08,정식운행
01,2026-08-14,금,579,False,False,True,2026-08,정식운행
01,2026-09-01,화,634,False,False,True,2026-09,정식운행
01,2026-09-02,수,588,False,False,True,2026-09,정식운행
01,2026-09-03,목,629,False,False,True,2026-09,정식운행
01,2026-09-04,금,630,False,False,True,2026-09,정식운행
01,2026-09-05,토,565,True,False,False,2026-09,정식운행
01,2026-09-06,일,543,True,False,False,2026-09,정식운행
01,2026-09-07,월,645,False,False,True,2026-09,정식운행
01,2026-09-08,화,590,False,False,True,2026-09,정식운행
01,2026-09-09,수,586,False,False,True,2026-09,정식운행
01,2026-09-10,목,590,False,False,True,2026-09,정식운행
01,2026-09-11,금,624,False,False,True,2026-09,정식운행
01,2026-09-12,토,555,True,False,False,2026-09,정식운행
01,2026-09-13,일,511,True,False,False,2026-09,정식운행
01,2026-09-14,월,594,False,False,True,2026-09,정식운행
02,2024-10-07,월,6,False,False,True,2024-10,개통전_자료기록
02,2024-10-08,화,4,False,False,True,2024-10,정식운행
02,2024-10-09,수,7,False,True,False,2024-10,정식운행
02,2024-10-10,목,8,False,False,True,2024-10,정식운행
02,2024-10-11,금,14,False,False,True,2024-10,정식운행
02,2024-10-12,토,10,True,False,False,2024-10,정식운행
02,2024-10-13,일,12,True,False,False,2024-10,정식운행
02,2024-10-14,월,23,False,False,True,2024-10,정식운행
02,2024-11-12,화,215,False,False,True,2024-11,정식운행
02,2024-11-13,수,218,False,False,True,2024-11,정식운행
02,2024-11-14,목,228,False,False,True,2024-11,정식운행
02,2025-04-01,화,549,False,False,True,2025-04,정식운행
02,2025-04-02,수,577,False,False,True,2025-04,정식운행
02,2025-04-03,목,359,False,False,True,2025-04,정식운행
02,2025-04-04,금,286,False,False,True,2025-04,정식운행
02,2025-04-05,토,219,True,False,False,2025-04,정식운행
02,2025-04-06,일,179,True,False,False,2025-04,정식운행
02,2025-04-07,월,567,False,False,True,2025-04,정식운행
02,2025-04-08,화,511,False,False,True,2025-04,정식운행
02,2025-04-09,수,541,False,False,True,2025-04,정식운행
02,2025-04-10,목,584,False,False,True,2025-04,정식운행
02,2025-04-11,금,487,False,False,True,2025-04,정식운행
02,2025-04-12,토,215,True,False,False,2025-04,정식운행
02,2025-04-13,일,166,True,False,False,2025-04,정식운행
02,2025-04-14,월,565,False,False,True,2025-04,정식운행
02,2025-10-01,수,716,False,False,True,2025-10,정식운행
02,2025-10-02,목,696,False,False,True,2025-10,정식운행
02,2025-10-03,금,278,False,True,False,2025-10,정식운행
02,2025-10-04,토,204,True,False,False,2025-10,정식운행
02,2025-10-05,일,204,True,False,False,2025-10,정식운행
02,2025-10-06,월,117,False,True,False,2025-10,정식운행
02,2025-10-07,화,214,False,True,False,2025-10,정식운행
02,2025-10-08,수,243,False,True,False,2025-10,정식운행
02,2025-10-09,목,240,False,True,False,2025-10,정식운행
02,2025-10-10,금,429,False,False,True,2025-10,정식운행
02,2025-10-11,토,262,True,False,False,2025-10,정식운행
02,2025-10-12,일,237,True,False,False,2025-10,정식운행
02,2025-10-13,월,739,False,False,True,2025-10,정식운행
02,2025-10-14,화,700,False,False,True,2025-10,정식운행
02,2026-01-01,목,196,False,True,False,2026-01,정식운행
02,2026-01-02,금,445,False,False,True,2026-01,정식운행
02,2026-01-03,토,295,True,False,False,2026-01,정식운행
02,2026-01-04,일,215,True,False,False,2026-01,정식운행
02,2026-01-05,월,552,False,False,True,2026-01,정식운행
02,2026-01-06,화,572,False,False,True,2026-01,정식운행
02,2026-01-07,수,547,False,False,True,2026-01,정식운행
02,2026-01-08,목,558,False,False,True,2026-01,정식운행
02,2026-01-09,금,521,False,False,True,2026-01,정식운행
02,2026-01-10,토,325,True,False,False,2026-01,정식운행
02,2026-01-11,일,225,True,False,False,2026-01,정식운행
02,2026-01-12,월,574,False,False,True,2026-01,정식운행
02,2026-01-13,화,607,False,False,True,2026-01,정식운행
02,2026-01-14,수,568,False,False,True,2026-01,정식운행
02,2026-04-01,수,737,False,False,True,2026-04,정식운행
02,2026-04-02,목,700,False,False,True,2026-04,정식운행
02,2026-04-03,금,624,False,False,True,2026-04,정식운행
02,2026-04-04,토,370,True,False,False,2026-04,정식운행
02,2026-04-05,일,297,True,False,False,2026-04,정식운행
02,2026-04-06,월,691,False,False,True,2026-04,정식운행
02,2026-04-07,화,717,False,False,True,2026-04,정식운행
02,2026-04-08,수,756,False,False,True,2026-04,정식운행
02,2026-04-09,목,781,False,False,True,2026-04,정식운행
02,2026-04-10,금,601,False,False,True,2026-04,정식운행
02,2026-04-11,토,362,True,False,False,2026-04,정식운행
02,2026-04-12,일,272,True,False,False,2026-04,정식운행
02,2026-04-13,월,730,False,False,True,2026-04,정식운행
02,2026-04-14,화,772,False,False,True,2026-04,정식운행
02,2026-08-01,토,353,True,False,False,2026-08,정식운행
02,2026-08-02,일,288,True,False,False,2026-08,정식운행
02,2026-08-03,월,557,False,False,True,2026-08,정식운행
02,2026-08-04,화,590,False,False,True,2026-08,정식운행
02,2026-08-05,수,568,False,False,True,2026-08,정식운행
02,2026-08-06,목,598,False,False,True,2026-08,정식운행
02,2026-08-07,금,544,False,False,True,2026-08,정식운행
02,2026-08-08,토,359,True,False,False,2026-08,정식운행
02,2026-08-09,일,302,True,False,False,2026-08,정식운행
02,2026-08-10,월,613,False,False,True,2026-08,정식운행
02,2026-08-11,화,638,False,False,True,2026-08,정식운행
02,2026-08-12,수,614,False,False,True,2026-08,정식운행
02,2026-08-13,목,639,False,False,True,2026-08,정식운행
02,2026-08-14,금,588,False,False,True,2026-08,정식운행
02,2026-09-01,화,800,False,False,True,2026-09,정식운행
02,2026-09-02,수,781,False,False,True,2026-09,정식운행
02,2026-09-03,목,783,False,False,True,2026-09,정식운행
02,2026-09-04,금,624,False,False,True,2026-09,정식운행
02,2026-09-05,토,406,True,False,False,2026-09,정식운행
02,2026-09-06,일,332,True,False,False,2026-09,정식운행
02,2026-09-07,월,805,False,False,True,2026-09,정식운행
02,2026-09-08,화,792,False,False,True,2026-09,정식운행
02,2026-09-09,수,775,False,False,True,2026-09,정식운행
02,2026-09-10,목,757,False,False,True,2026-09,정식운행
02,2026-09-11,금,644,False,False,True,2026-09,정식운행
02,2026-09-12,토,361,True,False,False,2026-09,정식운행
02,2026-09-13,일,322,True,False,False,2026-09,정식운행
02,2026-09-14,월,756,False,False,True,2026-09,정식운행
03,2025-06-10,화,6,False,False,True,2025-06,시범운행
03,2025-06-11,수,20,False,False,True,2025-06,시범운행
03,2025-06-12,목,17,False,False,True,2025-06,시범운행
03,2025-06-13,금,16,False,False,True,2025-06,시범운행
03,2025-06-14,토,23,True,False,False,2025-06,시범운행
03,2025-12-01,월,562,False,False,True,2025-12,정식운행
03,2025-12-02,화,586,False,False,True,2025-12,정식운행
03,2025-12-03,수,525,False,False,True,2025-12,정식운행
03,2025-12-04,목,519,False,False,True,2025-12,정식운행
03,2025-12-05,금,580,False,False,True,2025-12,정식운행
03,2025-12-06,토,518,True,False,False,2025-12,정식운행
03,2025-12-07,일,421,True,False,False,2025-12,정식운행
03,2025-12-08,월,574,False,False,True,2025-12,정식운행
03,2025-12-09,화,591,False,False,True,2025-12,정식운행
03,2025-12-10,수,563,False,False,True,2025-12,정식운행
03,2025-12-11,목,635,False,False,True,2025-12,정식운행
03,2025-12-12,금,576,False,False,True,2025-12,정식운행
03,2025-12-13,토,534,True,False,False,2025-12,정식운행
03,2025-12-14,일,469,True,False,False,2025-12,정식운행
03,2026-01-01,목,404,False,True,False,2026-01,정식운행
03,2026-01-02,금,540,False,False,True,2026-01,정식운행
03,2026-01-03,토,571,True,False,False,2026-01,정식운행
03,2026-01-04,일,427,True,False,False,2026-01,정식운행
03,2026-01-05,월,558,False,False,True,2026-01,정식운행
03,2026-01-06,화,550,False,False,True,2026-01,정식운행
03,2026-01-07,수,621,False,False,True,2026-01,정식운행
03,2026-01-08,목,537,False,False,True,2026-01,정식운행
03,2026-01-09,금,611,False,False,True,2026-01,정식운행
03,2026-01-10,토,569,True,False,False,2026-01,정식운행
03,2026-01-11,일,452,True,False,False,2026-01,정식운행
03,2026-01-12,월,583,False,False,True,2026-01,정식운행
03,2026-01-13,화,639,False,False,True,2026-01,정식운행
03,2026-01-14,수,548,False,False,True,2026-01,정식운행
03,2026-06-01,월,598,False,False,True,2026-06,정식운행
03,2026-06-02,화,568,False,False,True,2026-06,정식운행
03,2026-06-03,수,562,False,True,False,2026-06,정식운행
03,2026-06-04,목,641,False,False,True,2026-06,정식운행
03,2026-06-05,금,624,False,False,True,2026-06,정식운행
03,2026-06-06,토,563,True,True,False,2026-06,정식운행
03,2026-06-07,일,444,True,False,False,2026-06,정식운행
03,2026-06-08,월,590,False,False,True,2026-06,정식운행
03,2026-06-09,화,580,False,False,True,2026-06,정식운행
03,2026-06-10,수,604,False,False,True,2026-06,정식운행
03,2026-06-11,목,612,False,False,True,2026-06,정식운행
03,2026-06-12,금,646,False,False,True,2026-06,정식운행
03,2026-06-13,토,637,True,False,False,2026-06,정식운행
03,2026-06-14,일,466,True,False,False,2026-06,정식운행
03,2026-08-01,토,551,True,False,False,2026-08,정식운행
03,2026-08-02,일,442,True,False,False,2026-08,정식운행
03,2026-08-03,월,617,False,False,True,2026-08,정식운행
03,2026-08-04,화,620,False,False,True,2026-08,정식운행
03,2026-08-05,수,608,False,False,True,2026-08,정식운행
03,2026-08-06,목,644,False,False,True,2026-08,정식운행
03,2026-08-07,금,662,False,False,True,2026-08,정식운행
03,2026-08-08,토,601,True,False,False,2026-08,정식운행
03,2026-08-09,일,488,True,False,False,2026-08,정식운행
03,2026-08-10,월,614,False,False,True,2026-08,정식운행
03,2026-08-11,화,617,False,False,True,2026-08,정식운행
03,2026-08-12,수,626,False,False,True,2026-08,정식운행
03,2026-08-13,목,594,False,False,True,2026-08,정식운행
03,2026-08-14,금,652,False,False,True,2026-08,정식운행
03,2026-09-01,화,665,False,False,True,2026-09,정식운행
03,2026-09-02,수,632,False,False,True,2026-09,정식운행
03,2026-09-03,목,649,False,False,True,2026-09,정식운행
03,2026-09-04,금,689,False,False,True,2026-09,정식운행
03,2026-09-05,토,628,True,False,False,2026-09,정식운행
03,2026-09-06,일,520,True,False,False,2026-09,정식운행
03,2026-09-07,월,629,False,False,True,2026-09,정식운행
03,2026-09-08,화,615,False,False,True,2026-09,정식운행
03,2026-09-09,수,640,False,False,True,2026-09,정식운행
03,2026-09-10,목,617,False,False,True,2026-09,정식운행
03,2026-09-11,금,690,False,False,True,2026-09,정식운행
03,2026-09-12,토,616,True,False,False,2026-09,정식운행
03,2026-09-13,일,449,True,False,False,2026-09,정식운행
03,2026-09-14,월,628,False,False,True,2026-09,정식운행
04,2026-02-01,일,4,True,False,False,2026-02,정식운행
04,2026-02-02,월,4,False,False,True,2026-02,정식운행
04,2026-02-03,화,15,False,False,True,2026-02,정식운행
04,2026-02-04,수,25,False,False,True,2026-02,정식운행
04,2026-02-05,목,45,False,False,True,2026-02,정식운행
04,2026-02-06,금,61,False,False,True,2026-02,정식운행
04,2026-02-07,토,41,True,False,False,2026-02,정식운행
04,2026-02-08,일,29,True,False,False,2026-02,정식운행
04,2026-05-01,금,101,False,True,False,2026-05,정식운행
04,2026-05-02,토,87,True,False,False,2026-05,정식운행
04,2026-05-03,일,95,True,False,False,2026-05,정식운행
04,2026-05-04,월,140,False,False,True,2026-05,정식운행
04,2026-05-05,화,92,False,True,False,2026-05,정식운행
04,2026-05-06,수,133,False,False,True,2026-05,정식운행
04,2026-05-07,목,144,False,False,True,2026-05,정식운행
04,2026-05-08,금,134,False,False,True,2026-05,정식운행
04,2026-05-09,토,141,True,False,False,2026-05,정식운행
04,2026-05-10,일,75,True,False,False,2026-05,정식운행
04,2026-05-11,월,156,False,False,True,2026-05,정식운행
04,2026-05-12,화,129,False,False,True,2026-05,정식운행
04,2026-05-13,수,136,False,False,True,2026-05,정식운행
04,2026-05-14,목,140,False,False,True,2026-05,정식운행
04,2026-08-01,토,135,True,False,False,2026-08,정식운행
04,2026-08-02,일,96,True,False,False,2026-08,정식운행
04,2026-08-03,월,168,False,False,True,2026-08,정식운행
04,2026-08-04,화,159,False,False,True,2026-08,정식운행
04,2026-08-05,수,171,False,False,True,2026-08,정식운행
04,2026-08-06,목,169,False,False,True,2026-08,정식운행
04,2026-08-07,금,194,False,False,True,2026-08,정식운행
04,2026-08-08,토,144,True,False,False,2026-08,정식운행
04,2026-08-09,일,106,True,False,False,2026-08,정식운행
04,2026-08-10,월,182,False,False,True,2026-08,정식운행
04,2026-08-11,화,168,False,False,True,2026-08,정식운행
04,2026-08-12,수,171,False,False,True,2026-08,정식운행
04,2026-08-13,목,150,False,False,True,2026-08,정식운행
04,2026-08-14,금,173,False,False,True,2026-08,정식운행
04,2026-09-01,화,174,False,False,True,2026-09,정식운행
04,2026-09-02,수,179,False,False,True,2026-09,정식운행
04,2026-09-03,목,187,False,False,True,2026-09,정식운행
04,2026-09-04,금,188,False,False,True,2026-09,정식운행
04,2026-09-05,토,130,True,False,False,2026-09,정식운행
04,2026-09-06,일,96,True,False,False,2026-09,정식운행
04,2026-09-07,월,173,False,False,True,2026-09,정식운행
04,2026-09-08,화,188,False,False,True,2026-09,정식운행
04,2026-09-09,수,177,False,False,True,2026-09,정식운행
04,2026-09-10,목,190,False,False,True,2026-09,정식운행
04,2026-09-11,금,184,False,False,True,2026-09,정식운행
04,2026-09-12,토,152,True,False,False,2026-09,정식운행
04,2026-09-13,일,115,True,False,False,2026-09,정식운행
04,2026-09-14,월,190,False,False,True,2026-09,정식운행
