노선,기간,시간대,이용량
01,2024-05,6,13.0
01,2024-05,7,28.125
01,2024-05,8,9.0
01,2024-05,9,15.375
01,2024-05,10,11.5
01,2024-05,11,9.625
01,2024-05,12,8.5
01,2024-05,13,12.0
01,2024-05,14,7.375
01,2024-05,15,9.625
01,2024-05,16,14.25
01,2024-05,17,11.25
01,2024-05,18,10.625
01,2024-05,19,14.625
01,2024-05,20,11.875
01,2024-05,21,16.5
01,2024-05,22,18.625
01,2024-05,23,2.375
01,2024-09,6,12.5
01,2024-09,7,32.1
01,2024-09,8,14.8
01,2024-09,9,16.1
01,2024-09,10,14.5
01,2024-09,11,11.9
01,2024-09,12,12.3
01,2024-09,13,17.9
01,2024-09,14,7.9
01,2024-09,15,11.9
01,2024-09,16,20.4
01,2024-09,17,13.3
01,2024-09,18,10.9
01,2024-09,19,15.7
01,2024-09,20,15.4
01,2024-09,21,19.5
01,2024-09,22,21.1
01,2024-09,23,3.4
01,2024-11,6,11.6
01,2024-11,7,32.6
01,2024-11,8,15.3
01,2024-11,9,19.8
01,2024-11,10,13.9
01,2024-11,11,11.2
01,2024-11,12,12.2
01,2024-11,13,18.3
01,2024-11,14,9.7
01,2024-11,15,11.3
01,2024-11,16,21.6
01,2024-11,17,12.7
01,2024-11,18,9.0
01,2024-11,19,19.7
01,2024-11,20,18.1
01,2024-11,21,16.7
01,2024-11,22,21.0
01,2024-11,23,4.0
01,2025-05,6,12.571428571428571
01,2025-05,7,35.142857142857146
01,2025-05,8,11.571428571428571
01,2025-05,9,20.142857142857142
01,2025-05,10,12.571428571428571
01,2025-05,11,13.714285714285714
01,2025-05,12,13.285714285714286
01,2025-05,13,26.571428571428573
01,2025-05,14,9.0
01,2025-05,15,11.428571428571429
01,2025-05,16,19.714285714285715
01,2025-05,17,15.428571428571429
01,2025-05,18,11.857142857142858
01,2025-05,19,18.571428571428573
01,2025-05,20,19.0
01,2025-05,21,18.857142857142858
01,2025-05,22,21.714285714285715
01,2025-05,23,5.142857142857143
01,2025-11,6,13.8
01,2025-11,7,39.5
01,2025-11,8,19.5
01,2025-11,9,23.5
01,2025-11,10,19.9
01,2025-11,11,15.4
01,2025-11,12,15.6
01,2025-11,13,26.5
01,2025-11,14,14.4
01,2025-11,15,24.3
01,2025-11,16,30.8
01,2025-11,17,22.8
01,2025-11,18,14.2
01,2025-11,19,26.5
01,2025-11,20,25.0
01,2025-11,21,25.1
01,2025-11,22,26.9
01,2025-11,23,6.0
01,2026-01,6,13.666666666666666
01,2026-01,7,36.666666666666664
01,2026-01,8,19.88888888888889
01,2026-01,9,25.333333333333332
01,2026-01,10,25.333333333333332
01,2026-01,11,15.88888888888889
01,2026-01,12,19.666666666666668
01,2026-01,13,29.333333333333332
01,2026-01,14,15.11111111111111
01,2026-01,15,23.555555555555557
01,2026-01,16,26.77777777777778
01,2026-01,17,22.444444444444443
01,2026-01,18,19.11111111111111
01,2026-01,19,28.0
01,2026-01,20,29.333333333333332
01,2026-01,21,30.22222222222222
01,2026-01,22,25.444444444444443
01,2026-01,23,6.444444444444445
01,2026-05,6,18.25
01,2026-05,7,47.75
01,2026-05,8,24.5
01,2026-05,9,33.5
01,2026-05,10,25.625
01,2026-05,11,21.375
01,2026-05,12,18.125
01,2026-05,13,31.125
01,2026-05,14,22.25
01,2026-05,15,26.875
01,2026-05,16,46.375
01,2026-05,17,37.0
01,2026-05,18,18.125
01,2026-05,19,33.875
01,2026-05,20,37.5
01,2026-05,21,28.25
01,2026-05,22,39.0
01,2026-05,23,8.5
01,2026-08,6,23.6
01,2026-08,7,55.7
01,2026-08,8,28.2
01,2026-08,9,44.1
01,2026-08,10,35.4
01,2026-08,11,28.6
01,2026-08,12,23.2
01,2026-08,13,42.9
01,2026-08,14,26.3
01,2026-08,15,36.9
01,2026-08,16,51.8
01,2026-08,17,43.5
01,2026-08,18,24.3
01,2026-08,19,39.5
01,2026-08,20,41.3
01,2026-08,21,33.2
01,2026-08,22,44.7
01,2026-08,23,10.4
01,2026-09,6,22.2
01,2026-09,7,62.6
01,2026-09,8,27.1
01,2026-09,9,42.7
01,2026-09,10,27.6
01,2026-09,11,25.6
01,2026-09,12,19.7
01,2026-09,13,44.8
01,2026-09,14,23.6
01,2026-09,15,34.0
01,2026-09,16,50.9
01,2026-09,17,38.2
01,2026-09,18,23.2
01,2026-09,19,39.4
01,2026-09,20,38.8
01,2026-09,21,36.4
01,2026-09,22,43.6
01,2026-09,23,10.6
02,2024-10,7,0.8
02,2024-10,8,1.8
02,2024-10,9,0.2
02,2024-10,10,1.0
02,2024-10,11,0.2
02,2024-10,13,0.6
02,2024-10,14,0.8
02,2024-10,15,0.2
02,2024-10,16,0.4
02,2024-10,17,1.2
02,2024-10,18,0.8
02,2024-10,19,0.4
02,2024-10,20,1.2
02,2024-10,21,0.2
02,2024-10,22,1.0
02,2024-10,23,0.2
02,2024-11,6,2.6666666666666665
02,2024-11,7,29.0
02,2024-11,8,22.666666666666668
02,2024-11,9,13.666666666666666
02,2024-11,10,5.666666666666667
02,2024-11,11,3.3333333333333335
02,2024-11,12,9.0
02,2024-11,13,10.333333333333334
02,2024-11,14,5.666666666666667
02,2024-11,15,5.0
02,2024-11,16,16.333333333333332
02,2024-11,17,18.666666666666668
02,2024-11,18,21.0
02,2024-11,19,25.666666666666668
02,2024-11,20,13.333333333333334
02,2024-11,21,12.0
02,2024-11,22,5.0
02,2024-11,23,1.3333333333333333
02,2025-04,6,14.7
02,2025-04,7,67.4
02,2025-04,8,41.4
02,2025-04,9,38.5
02,2025-04,10,18.6
02,2025-04,11,12.7
02,2025-04,12,25.0
02,2025-04,13,22.1
02,2025-04,14,9.9
02,2025-04,15,19.5
02,2025-04,16,49.3
02,2025-04,17,33.1
02,2025-04,18,29.8
02,2025-04,19,39.9
02,2025-04,20,36.0
02,2025-04,21,24.4
02,2025-04,22,16.3
02,2025-04,23,4.0
02,2025-10,6,17.2
02,2025-10,7,69.4
02,2025-10,8,44.6
02,2025-10,9,68.2
02,2025-10,10,40.2
02,2025-10,11,17.2
02,2025-10,12,38.4
02,2025-10,13,50.6
02,2025-10,14,15.2
02,2025-10,15,31.2
02,2025-10,16,57.8
02,2025-10,17,49.0
02,2025-10,18,37.4
02,2025-10,19,37.8
02,2025-10,20,30.2
02,2025-10,21,28.6
02,2025-10,22,19.2
02,2025-10,23,3.8
02,2026-01,6,18.444444444444443
02,2026-01,7,77.44444444444444
02,2026-01,8,43.0
02,2026-01,9,36.22222222222222
02,2026-01,10,17.666666666666668
02,2026-01,11,12.222222222222221
02,2026-01,12,25.22222222222222
02,2026-01,13,21.77777777777778
02,2026-01,14,10.777777777777779
02,2026-01,15,16.555555555555557
02,2026-01,16,35.55555555555556
02,2026-01,17,46.77777777777778
02,2026-01,18,42.55555555555556
02,2026-01,19,47.77777777777778
02,2026-01,20,41.55555555555556
02,2026-01,21,30.11111111111111
02,2026-01,22,21.333333333333332
02,2026-01,23,4.333333333333333
02,2026-04,6,17.6
02,2026-04,7,79.1
02,2026-04,8,48.2
02,2026-04,9,68.8
02,2026-04,10,37.0
02,2026-04,11,15.5
02,2026-04,12,38.7
02,2026-04,13,48.4
02,2026-04,14,12.0
02,2026-04,15,22.6
02,2026-04,16,70.8
02,2026-04,17,48.2
02,2026-04,18,47.6
02,2026-04,19,44.4
02,2026-04,20,41.9
02,2026-04,21,36.8
02,2026-04,22,25.9
02,2026-04,23,7.4
02,2026-08,6,18.4
02,2026-08,7,83.8
02,2026-08,8,49.1
02,2026-08,9,38.0
02,2026-08,10,25.1
02,2026-08,11,14.9
02,2026-08,12,25.3
02,2026-08,13,27.6
02,2026-08,14,13.1
02,2026-08,15,22.7
02,2026-08,16,43.3
02,2026-08,17,43.3
02,2026-08,18,45.9
02,2026-08,19,48.2
02,2026-08,20,38.2
02,2026-08,21,29.8
02,2026-08,22,22.5
02,2026-08,23,5.7
02,2026-09,6,20.2
02,2026-09,7,75.1
02,2026-09,8,49.5
02,2026-09,9,78.4
02,2026-09,10,45.5
02,2026-09,11,14.8
02,2026-09,12,47.6
02,2026-09,13,53.3
02,2026-09,14,16.4
02,2026-09,15,29.6
02,2026-09,16,74.4
02,2026-09,17,52.2
02,2026-09,18,46.2
02,2026-09,19,48.1
02,2026-09,20,41.2
02,2026-09,21,30.3
02,2026-09,22,21.9
02,2026-09,23,7.0
03,2025-06,6,0.0
03,2025-06,7,0.75
03,2025-06,8,2.0
03,2025-06,9,0.75
03,2025-06,10,1.25
03,2025-06,11,0.25
03,2025-06,12,1.0
03,2025-06,13,0.75
03,2025-06,14,0.0
03,2025-06,15,0.25
03,2025-06,16,1.25
03,2025-06,17,1.0
03,2025-06,18,1.0
03,2025-06,19,2.75
03,2025-06,20,0.5
03,2025-06,21,0.75
03,2025-06,22,0.5
03,2025-12,6,7.8
03,2025-12,7,48.7
03,2025-12,8,47.4
03,2025-12,9,28.7
03,2025-12,10,23.0
03,2025-12,11,14.1
03,2025-12,12,29.3
03,2025-12,13,31.1
03,2025-12,14,15.2
03,2025-12,15,30.9
03,2025-12,16,57.2
03,2025-12,17,43.5
03,2025-12,18,39.2
03,2025-12,19,49.5
03,2025-12,20,35.1
03,2025-12,21,35.4
03,2025-12,22,29.0
03,2025-12,23,6.0
03,2026-01,6,5.777777777777778
03,2026-01,7,38.888888888888886
03,2026-01,8,45.666666666666664
03,2026-01,9,30.22222222222222
03,2026-01,10,27.22222222222222
03,2026-01,11,12.222222222222221
03,2026-01,12,28.88888888888889
03,2026-01,13,31.88888888888889
03,2026-01,14,16.666666666666668
03,2026-01,15,34.22222222222222
03,2026-01,16,54.111111111111114
03,2026-01,17,45.111111111111114
03,2026-01,18,44.888888888888886
03,2026-01,19,44.888888888888886
03,2026-01,20,37.77777777777778
03,2026-01,21,40.333333333333336
03,2026-01,22,31.333333333333332
03,2026-01,23,6.222222222222222
03,2026-06,6,10.222222222222221
03,2026-06,7,61.77777777777778
03,2026-06,8,51.22222222222222
03,2026-06,9,29.88888888888889
03,2026-06,10,24.22222222222222
03,2026-06,11,15.222222222222221
03,2026-06,12,26.22222222222222
03,2026-06,13,30.666666666666668
03,2026-06,14,14.11111111111111
03,2026-06,15,30.11111111111111
03,2026-06,16,63.111111111111114
03,2026-06,17,44.111111111111114
03,2026-06,18,40.77777777777778
03,2026-06,19,42.888888888888886
03,2026-06,20,43.77777777777778
03,2026-06,21,38.22222222222222
03,2026-06,22,33.77777777777778
03,2026-06,23,6.666666666666667
03,2026-08,6,11.2
03,2026-08,7,44.3
03,2026-08,8,39.4
03,2026-08,9,38.6
03,2026-08,10,25.0
03,2026-08,11,18.6
03,2026-08,12,30.4
03,2026-08,13,38.6
03,2026-08,14,19.2
03,2026-08,15,31.4
03,2026-08,16,54.0
03,2026-08,17,50.6
03,2026-08,18,45.0
03,2026-08,19,51.2
03,2026-08,20,42.0
03,2026-08,21,38.3
03,2026-08,22,40.7
03,2026-08,23,6.9
03,2026-09,6,10.6
03,2026-09,7,60.8
03,2026-09,8,58.5
03,2026-09,9,33.6
03,2026-09,10,23.9
03,2026-09,11,17.1
03,2026-09,12,23.6
03,2026-09,13,32.0
03,2026-09,14,12.4
03,2026-09,15,31.2
03,2026-09,16,70.5
03,2026-09,17,46.4
03,2026-09,18,43.9
03,2026-09,19,49.0
03,2026-09,20,49.3
03,2026-09,21,40.6
03,2026-09,22,36.8
03,2026-09,23,5.2
04,2026-02,6,2.0
04,2026-02,7,4.4
04,2026-02,8,3.6
04,2026-02,9,0.4
04,2026-02,10,0.2
04,2026-02,11,1.2
04,2026-02,12,1.0
04,2026-02,13,1.6
04,2026-02,14,0.4
04,2026-02,15,1.4
04,2026-02,16,1.2
04,2026-02,17,1.0
04,2026-02,18,3.6
04,2026-02,19,4.6
04,2026-02,20,1.0
04,2026-02,21,1.4
04,2026-02,22,1.0
04,2026-02,23,0.0
04,2026-05,6,8.25
04,2026-05,7,13.75
04,2026-05,8,7.375
04,2026-05,9,8.0
04,2026-05,10,6.25
04,2026-05,11,4.125
04,2026-05,12,5.375
04,2026-05,13,6.125
04,2026-05,14,1.5
04,2026-05,15,2.25
04,2026-05,16,10.375
04,2026-05,17,9.25
04,2026-05,18,13.75
04,2026-05,19,14.375
04,2026-05,20,8.875
04,2026-05,21,6.375
04,2026-05,22,9.375
04,2026-05,23,3.625
04,2026-08,6,8.6
04,2026-08,7,19.5
04,2026-08,8,9.1
04,2026-08,9,7.8
04,2026-08,10,8.8
04,2026-08,11,5.5
04,2026-08,12,6.2
04,2026-08,13,7.4
04,2026-08,14,3.6
04,2026-08,15,2.2
04,2026-08,16,7.9
04,2026-08,17,10.7
04,2026-08,18,17.4
04,2026-08,19,17.8
04,2026-08,20,12.2
04,2026-08,21,10.6
04,2026-08,22,11.8
04,2026-08,23,3.4
04,2026-09,6,9.5
04,2026-09,7,23.3
04,2026-09,8,12.1
04,2026-09,9,9.0
04,2026-09,10,6.2
04,2026-09,11,6.5
04,2026-09,12,7.2
04,2026-09,13,7.5
04,2026-09,14,2.6
04,2026-09,15,2.9
04,2026-09,16,10.4
04,2026-09,17,11.2
04,2026-09,18,16.2
04,2026-09,19,20.9
04,2026-09,20,12.0
04,2026-09,21,10.0
04,2026-09,22,10.5
04,2026-09,23,5.0
