파일,bytes,sha256,수집시각
data\raw\car_registration\자동차등록대수_시군구_202201_202608.csv,1894055,d0e691b2ccdeb64830d1047583be8e03a9deefabd90db95af6c1befafa94d626,미기록
data\raw\od_monthly\od_고색동_2024-09.xlsx,49397,aee82a39af44630f64fccb849902e571e49ead48c084da516c9e5220766632e5,미기록
data\raw\od_monthly\od_고색동_2025-04.xlsx,49587,46870dbdb96e9440bd822bc1bc0461afadf94081b708713d8a4bbeee5ecd4d9f,미기록
data\raw\od_monthly\od_고색동_2025-05.xlsx,49879,dfa923725b4dc6dfb6f7753099fdcc36694e949c1134ad95d5dec74efa287342,미기록
data\raw\od_monthly\od_고색동_2025-12.xlsx,50698,d8b164bc6e9d74fa7ca28ef2abcba0f59b58c4b428cff6337a40ddb6d71498b1,미기록
data\raw\od_monthly\od_금곡동_2024-09.xlsx,48872,67ac582f1cbe7b67ad8cee27cecd35d71aea6868518a99b88c107801339594ee,미기록
data\raw\od_monthly\od_금곡동_2025-04.xlsx,50371,c4b0d36fa875143e102b91bb7cf37a8b60b8431ba8253827bd6f8204d6891a3d,미기록
data\raw\od_monthly\od_금곡동_2025-05.xlsx,49971,fb85d7896fbea283a1c8d959655c5123e97a971a08419b29638c9e6cb7a6f67b,미기록
data\raw\od_monthly\od_금곡동_2025-12.xlsx,50417,104bca690b62bea44753010498e51f12fd8d29b9de4f9167eef253422e058eeb,미기록
data\raw\od_monthly\od_당수동_2024-09.xlsx,35430,d4b5609f2da3a9be5b0637791d53b53e3d05a419811e59f90d8e7d9b0f334362,미기록
data\raw\od_monthly\od_당수동_2025-04.xlsx,35986,b0e7dc40bee78b754a6aa1c425eeef1381a208fa9f6ab61e57e7ab54d8903d9e,미기록
data\raw\od_monthly\od_당수동_2025-05.xlsx,36860,4a569a448c3dc6ed6819c0a02fe5b7e0aa0b705c57126e359963b22af6678b1f,미기록
data\raw\od_monthly\od_당수동_2025-12.xlsx,36259,005cf50af0dd007dd34e8e6024ddbe2b10ce79beba9baad6ee1ae5d13d1fc42b,미기록
data\raw\od_monthly\od_매탄동_2024-03.xlsx,53894,0c82da4e9ff9100b7e8af66ede8d86b8de737c9ed0c136087ca9e34135bd84b1,미기록
data\raw\od_monthly\od_매탄동_2024-05.xlsx,54582,d03922f6a421e2386fc36c126ba98e2622f48597d96fe176ded57360d410b168,미기록
data\raw\od_monthly\od_매탄동_2024-09.xlsx,54145,4619313173d474102f94ee7f6fb51dd5e0c05913e04d1405506157625aab2bd5,미기록
data\raw\od_monthly\od_매탄동_2025-04.xlsx,54670,754637680ca271025641b894ed0e57f0f9bd5286c705e3c4f2986b8246a78e9d,미기록
data\raw\od_monthly\od_매탄동_2025-05.xlsx,54722,32a9e00ccfefb637f0770253e307d0079047b7ba0b496caeaefa0e3b27151c48,미기록
data\raw\od_monthly\od_매탄동_2025-12.xlsx,55459,2eb05593111076112fca91cdde8e011b211d13a8172a116d1ed1932f058eb79f,미기록
data\raw\od_monthly\od_세류동_2024-09.xlsx,47976,0b759e4a0a85dfb81c7fc27cca25e16cf871557c5d9bbaec0f801667e2fe6e49,미기록
data\raw\od_monthly\od_세류동_2025-04.xlsx,47894,a1994a7d91b793fcd08f036c3bf06bde0c742afa184a3047f09b52f8a66b3d29,미기록
data\raw\od_monthly\od_세류동_2025-05.xlsx,48058,89a0b7858752e7d3823a5b3ba9ba7b595b54c6c4ef742200d221cab2f1f176c1,미기록
data\raw\od_monthly\od_세류동_2025-12.xlsx,47013,32782dcdc0f88f5f805582f89e5865777013717220b46624323c1bc09d78a24d,미기록
data\raw\od_monthly\od_오목천동_2024-09.xlsx,47767,8c11f15efed20c41c75157241233c7d670cae966c71340d9f10d48ec5a2fc2c5,미기록
data\raw\od_monthly\od_오목천동_2025-04.xlsx,48001,cdf1626377aa3f82318f492a411f24b8c34a67ac21aa8b848e34bea27fd3288d,미기록
data\raw\od_monthly\od_오목천동_2025-05.xlsx,48082,920012089545966a701073efc07ea33ce673ece15629c0e5d53dc4cc0ea359de,미기록
data\raw\od_monthly\od_오목천동_2025-12.xlsx,48063,786918c273f4667d04d3c4de26324c5aeb9e6e69e7441a5b229b18b7c7254c3d,미기록
data\raw\od_monthly\od_이의동_2024-03.xlsx,59449,495037b9afe156f5639b320abf66fc3916a367c0636682d7cae4cadd7921ef22,미기록
data\raw\od_monthly\od_이의동_2024-05.xlsx,59659,6cd74a3ffd43ce957993e7b3174bec55d286bae07d651137de769b6abcb32385,미기록
data\raw\od_monthly\od_입북동_2024-09.xlsx,30868,5aa2c1196086bbd03576a987f88a4468a6f7bd86b67d0a8621c9afcb97000af7,미기록
data\raw\od_monthly\od_입북동_2025-04.xlsx,31368,01ffc992c2523ff48d46f9a71fde47345c17f43c264b678d24ac8fd64b24c43c,미기록
data\raw\od_monthly\od_입북동_2025-05.xlsx,33541,6843352c907319d5dcf6ef6f3c579ac25573d5d9c57a5ea0fcaabd69814c2ca7,미기록
data\raw\od_monthly\od_입북동_2025-12.xlsx,32516,abeadbe2c0170e7875987492d345d776582d1c5748ebf3c7b312d9b86e8e770d,미기록
data\raw\od_monthly\od_정자동_2024-03.xlsx,54966,2bb0a6a37c51db472b6b81f797551cc42a03394676c207e73d453ad09d8bcd1c,미기록
data\raw\od_monthly\od_정자동_2024-05.xlsx,55113,29853e0cdd0ca71cfcc5475c3bd0b8c526b7a7179633cbaf0d9c72c61e79bf40,미기록
data\raw\od_monthly\od_정자동_2024-09.xlsx,54881,47518a8394b46494af2c9dcf173245b657617558870e5adf222f8ee18ce8fe95,미기록
data\raw\od_monthly\od_정자동_2025-04.xlsx,55951,3665f002032eb29f923ed5ad74b109ea64faf896104acf6f344d540977c146f1,미기록
data\raw\od_monthly\od_정자동_2025-05.xlsx,55985,ccbe655ca771f1ce8cb393c17b152286883c7f7d6ae49b9fb3b88731f5892837,미기록
data\raw\od_monthly\od_정자동_2025-12.xlsx,55085,8cb9c5abcebc1da28309c25c3cf6398445ef6743d7029b3cf93fed86030385cd,미기록
data\raw\od_monthly\od_조원동_2024-09.xlsx,55563,56c7980afcf9cf91393a4768b3e5aadfcf33f5a21f3000aac146b940dc752ed1,미기록
data\raw\od_monthly\od_조원동_2025-04.xlsx,53665,b9721de72be397b83b4f45a1d175eeb9a3adb787395b14c010ce338d906ddfc4,미기록
data\raw\od_monthly\od_조원동_2025-05.xlsx,54709,bc1712121486244ebb5b449eb3753dfc1bcbea223b72daf42bed7f0b506f3f70,미기록
data\raw\od_monthly\od_조원동_2025-12.xlsx,54173,4ea77288b86a134b6baccdbaf71a6ba6c113349284078ed0744925d5037ae5cb,미기록
data\raw\od_monthly\od_평동_2024-09.xlsx,29434,7df4a2e78d6311f8ceee0e2a7374094669dd42b0856a2dcd54153148d307999c,미기록
data\raw\od_monthly\od_평동_2025-04.xlsx,30660,f7648ef692a7e79baba33229ba12d3b0a54949c38ab318b40b0d5e30fa4a3789,미기록
data\raw\od_monthly\od_평동_2025-05.xlsx,31451,2cd313f6aea9f49892ed94a7be4e8300539f62f30bbe016fed39404c9c7bafe8,미기록
data\raw\od_monthly\od_평동_2025-12.xlsx,33556,f184fd77798e6c75fa1039757dac307724dc378f1267340933753fa510b1e785,미기록
data\raw\od_monthly\od_하동_2024-03.xlsx,43575,2748221d5d30ac8468d836fa5d6ff4b62e52efe0c13cce65a0026ddf4874b501,미기록
data\raw\od_monthly\od_하동_2024-05.xlsx,45551,f11dd3d9a2a63ef91f3fea2062baeb47b847b41038205ebc52329f61afc7fbff,미기록
data\raw\population\주민등록인구_수원_202201_202608.csv,200190,9716c602a78686e506640409a8bd1b207e5983d65b92775cb6d69708017867de,미기록
data\raw\route_usage\01_2024-05-01_2024-05-14.xlsx,8414,4d6c6d16b817cef0d77cd34ff871b371a91ce92df56ca0c1a742b96fa0578035,미기록
data\raw\route_usage\01_2024-09-01_2024-09-13.xlsx,8309,17dec54a09c1d6b216dec0d62dac219e22803d7ecc88630268d644a1743c3bd5,미기록
data\raw\route_usage\01_2024-11-01_2024-11-14.xlsx,8435,b510da4b8d8f306c9384e2ae18378ef7e2a45b08443c7fdf55f5af4eb6d90e77,미기록
data\raw\route_usage\01_2025-05-01_2025-05-14.xlsx,8451,eabb4cb658d803b2aedc9e91e1f7bff5fafce7c19f518fb96a3f1494581422b7,미기록
data\raw\route_usage\01_2025-11-01_2025-11-14.xlsx,8453,a79b97ae6b0b8618abcd00e65edae50d343017763d2ff7cf78412134f0009609,미기록
data\raw\route_usage\01_2026-01-01_2026-01-14.xlsx,8453,21179b9aca80836745b2ef8007893edcc63f8494c6ed8b6095dfc74e6d5eeffa,미기록
data\raw\route_usage\01_2026-05-01_2026-05-14.xlsx,8483,6db1dbac88da58176ee8b888c8b74c2f8608a92e9c77b3037f56afc4a0cadd23,미기록
data\raw\route_usage\01_2026-08-01_2026-08-14.xlsx,8502,b1d741928ac44fb851bff65e4d9207e5358bd9e4ce780931c46a5b5cf9562c7c,미기록
data\raw\route_usage\01_2026-09-01_2026-09-14.xlsx,8502,280f38e41310eccd4419c1c410a6d613ba1cb702a940158024f3b94955fb9db6,미기록
data\raw\route_usage\02_2024-10-07_2024-10-14.xlsx,7602,0c732ad568270ad7109d09708f6a955ef28d153028f785f4694f4378955d5bec,미기록
data\raw\route_usage\02_2024-11-12_2024-11-14.xlsx,7355,24527ecf37d2b0f0995eb8dfccb7305a64079ec54625d9acf68c81943f7e392f,미기록
data\raw\route_usage\02_2025-04-01_2025-04-14.xlsx,8525,66bf8af58ff73b3593819a516c258b3ee95bb9615ee98fbde8f19bb5aecb0a2b,미기록
data\raw\route_usage\02_2025-10-01_2025-10-14.xlsx,8454,2039096b504ee6d5e35c93da33516aa4dbd12d8b6dd98b127c53b9efa7b1bc77,미기록
data\raw\route_usage\02_2026-01-01_2026-01-14.xlsx,8487,fd159591bb85ed1f6911aa54a5d94cfa7fb30204897eafb3a697477b41ce807e,미기록
data\raw\route_usage\02_2026-04-01_2026-04-14.xlsx,8524,7685c14c296a7bbd6d0b22ee3787b5000e50ef8da508fc625872c4a1af518ebc,미기록
data\raw\route_usage\02_2026-08-01_2026-08-14.xlsx,8494,41823f27d51d648e65303583b1cdd7be672d0bab9ab099ec9b0668163f8f4f2f,미기록
data\raw\route_usage\02_2026-09-01_2026-09-14.xlsx,8519,ea6c631d80488f7f7d48e1e297730a70694a14038b7a736fb41eaebc95f1a30b,미기록
data\raw\route_usage\03_2025-06-10_2025-06-14.xlsx,7450,2c4d835ee10adec56a2e6b8abbc1d739a1029142bc2e4b1c1c5cdc9128b98913,미기록
data\raw\route_usage\03_2025-12-01_2025-12-14.xlsx,8502,0b5a9ba22ab3a4443107ca932d85b743ce4e07ca23106c3b9525124ef9349833,미기록
data\raw\route_usage\03_2026-01-01_2026-01-14.xlsx,8507,7907753a9c0d3ed79c0901dc4c1d5a928a13a89737d3a14c6abded29a266c2b9,미기록
data\raw\route_usage\03_2026-06-01_2026-06-14.xlsx,8506,80c6dab9d7e4f9d93e200e9d7cc40d575eec1e66d42c708042dcfc774d265655,미기록
data\raw\route_usage\03_2026-08-01_2026-08-14.xlsx,8494,13998130e127ef6a951d6386cf2b91e0c3d6d265c8d2c1152ca756c6c3a7c31e,미기록
data\raw\route_usage\03_2026-09-01_2026-09-14.xlsx,8520,d890baf789430006eb4118ed0ff8ec41f5856bc0f8ab3e6e6a9a1d53d77e0ddb,미기록
data\raw\route_usage\04_2026-02-01_2026-02-08.xlsx,7738,44e7e11266c8cf501a049ec646de651fcdb17f810652ff3b5bbca6e50dcb9414,미기록
data\raw\route_usage\04_2026-05-01_2026-05-14.xlsx,8372,f43c61e6d41257e999f3966aabe17b17c55540836c448e47520090ce655708ec,미기록
data\raw\route_usage\04_2026-08-01_2026-08-14.xlsx,8403,7e74b75458295f82c1fb166503109346a821dc159840a306432cf67eba62e280,미기록
data\raw\route_usage\04_2026-09-01_2026-09-14.xlsx,8397,ac496b4c2b7b861778cd2e8db321ecb7f489ea079967c5d66a171b755ed9ea36,미기록
data\raw\user_type\수단통행량_이용자유형_수원_2026-09-20.xlsx,7865,734fb378b01c6f9bdd9ccce1a719bc006563cbddfe2b2de374b2564ff80b76c8,미기록
data\raw\user_type\수단통행량_이용자유형_수원_읍면동_2025-09-01_14.xlsx,370264,64dad23315a47c486afac59129464e9abcabffeb3dfb8da6ec4b2a7506698794,미기록
